AA 100,Introduction to International Arts,3
AA 103,Introduction to Interior Design,3
AA 120N,Introduction to Art Therapy,3
AA 121,Design Thinking and Creativity,3
AA 122,Introduction to Graphic Storytelling,3
AA 130N,Creative Arts Therapy Applications,3
AA 160N,The Virtual Transformational Leadership Development Experience,3
AA 193N,The Craft of Comics,3
AED 62,Contemporary African and African American Arts and Culture,3
AED 211,Interpreting Art Experience: Social and Behavioral Perspectives,3
AED 225,"Diversity, Pedagogy, and Visual Culture",3
AED 355Q,Show Me Where it Hurts: Healthcare and Creative Inquiry,3
AFAM 126N,The Popular Arts in America: The History of Hip-Hop,3
AFAM 207N,Jazz and the African American Experience,3
AFAM 208,Workshop: Theatre in Diverse Cultures,3
AFAM 226N,Critical Approaches to Hip-Hop,3
AFR 335,African Art,3
AMST 150N,"Western Pennsylvania Art, Literature, and Culture",3
AMST 226N,Critical Approaches to Hip-Hop,3
AMST 307N,American Art and Society,3
AMST 308N,American Architecture,3
AMST 309N,American Material Culture,3
ANTH 220,Anthropology and Art/ifacts,3
ARCH 100,Architecture and Ideas,3
ARCH 170N,Introduction to Sustainable Architecture,3
ARCH 210,Ideas Across Time in Architecture and Urbanism,3
ARCH 211,Contemporary Design and Planning Theories II,3
ARCH 316,Analysis of Human Settlements: Cities,3
ART 1,Introduction to the Visual Arts,3
ART 2,Interactive Learning and Web-Design,3
ART 3,Visual Images on the Web,3
ART 10,Introduction to Visual Studies,3
ART 17,Introduction to Metal Arts,3
ART 20,Introduction to Drawing,3
ART 30,Introduction to Sculpture,3
ART 40,Introduction to Printmaking,3
ART 50,Introduction to Painting,3
ART 51N,Meteorology and Visual Arts: To Know is to See,3
ART 80,Introduction to Ceramics,3
ART 100,Concepts and Creation in the Visual Arts,3
ART 101,Introduction to Web Design,3
ART 102,Beginning Computer Aided Design for Artists,3
ART 144Z,"Climate Change: Arts, Agency and Activism",3
ART 160N,"STEAM: Connecting Art to Science, Technology, Engineering and Mathematics",3
ART 165,Artistic Concepts of Space,3
ART 166,Artistic Concepts of Form,3
ART 168,The Digital Medium,3
ART 170N,Plant and Microbial Art,3
ART 175N,Intersections Between Art and Psychology,3
ART 207N,"LGBTQ+ Identity, Culture and The Arts",3
ARTH 1S,First-Year Seminar in Art History,3
ARTH 100,Introduction to Art,3
ARTH 105N,Pictures and Power,3
ARTH 107N,"Rocks, Minerals, and the History of Art",3
ARTH 111,Ancient to Medieval Art,3
ARTH 111U,Ancient to Medieval Art,3
ARTH 111Z,Ancient to Medieval Art Z,3
ARTH 112,Renaissance to Modern Art,3
ARTH 112U,Renaissance to Modern Art,3
ARTH 115N,Arts of Love,3
ARTH 120,Asian Art and Architecture,3
ARTH 120Z,Asian Art and Architecture -LINKED,3
ARTH 125,Islamic Architecture and Art,3
ARTH 130,"Art of Africa, Oceania, and the Americas",3
ARTH 140,"Introduction to the Art and Architecture of the Mayas, Aztecs, and Incas",3
ARTH 201,Ancient to Medieval Architecture,3
ARTH 202N,Renaissance to Modern Architecture,3
ARTH 204,The Art of Marvel: Italy and Spain 1600 - 1750,3
ARTH 207,The Eternal City: Rome from Antiquity to the Present,3
ARTH 215,Architecture and Art of South and Southeast Asia,3
ARTH 220,Chinese Art,3
ARTH 220Z,Chinese Art - Linked,3
ARTH 222N,Intersections between Art History and the History of Psychology,3
ARTH 222Q,Intersections between Art History and the History of Psychology,3
ARTH 224N,Authors and Artists,3
ARTH 225N,Sexuality and Modern Visual Culture,3
ARTH 226,The Comic Book: A History of Sequential Art,3
ARTH 280,The Secret Lives of Things: Design and Decorative Arts since the 18th Century,3
ARTH 292N,Witches and Witchcraft from the Middle Ages to the Present,3
ARTH 301,Egyptian and Mesopotamian Art,3
ARTH 302,Early Medieval Art,3
ARTH 303,Italian Renaissance Art,3
ARTH 305,Romanticism and Revolution,3
ARTH 306,"Color across Cultures: A Global History of Pigments, Dyes, Metals and Other Colorants in Art",3
ARTH 307N,American Art and Society,3
ARTH 308N,American Architecture,3
ARTH 311,Greek and Roman Art,3
ARTH 312,Romanesque and Gothic Art,3
ARTH 313,Northern Renaissance Art,3
ARTH 314,Art in the Age of Rembrandt,3
ARTH 325,Impressionism to Surrealism,3
ARTH 326,Art Since 1940,3
ARTH 335,African Art,3
ASIA 215,Architecture and Art of South and Southeast Asia,3
ASTRO 7N,The Artistic Universe,3
ASTRO 141N,Film and Extraterrestrial Life: Science Fact or Fiction?,3
BBH 201N,Health and the Media,3
BRASS 100,Trumpet: Secondary,1
BRASS 101,French Horn: Secondary,1
BRASS 102,Trombone: Secondary,1
BRASS 103,Euphonium: Secondary,1
BRASS 104,Tuba: Secondary,1
BRASS 110,Trumpet: Secondary,2
BRASS 111,French Horn: Secondary,2
BRASS 112,Trombone: Secondary,2
BRASS 113,Euphonium: Secondary,2
BRASS 114,Tuba: Secondary,2
CHNS 121N,Chinese Film and New Media,3
CI 105N,"Improv Theater, Curriculum & Instruction",3
CMLIT 112N,"Introduction to Global Drama, Theatre, and Performance",3
CMLIT 128N,The Holocaust in Film and Literature,3
CMLIT 191N,Introduction to Video Game Culture,3
CMLIT 240Q,Artistic Patronage in Europe,3
COMM 20N,Critical Media Literacy,3
COMM 101N,Understanding and Enhancing Creativity,3
COMM 150N,The Art of the Cinema,3
COMM 150Q,The Art of the Cinema,3
COMM 151N,Film and Extraterrestrial Life: Science Fact or Fiction?,3
COMM 175N,Mental Illness and the Movies,3
COMM 208N,Visual Representations of the Middle East in the US and Middle East,3
COMM 222N,Social Justice and the Image,3
COMM 235N,Introduction to Public Humanities,3
COMM 250,Film History and Theory,3
COMM 290N,Cinema and Globalization,3
DANCE 100,Dance Appreciation,3
DANCE 225,Introduction to Hip Hop,1.5
DANCE 230,Ballet,1.5
DANCE 240,Jazz Dance,1.5
DANCE 250,Tap Dance,1.5
DANCE 260,Introduction to Modern Dance,1.5
DANCE 261,Beginning Modern Dance I,1.5
DANCE 361,Intermediate Modern Dance I,1.5
DANCE 362,Intermediate Modern Dance II,1.5
DART 102N,Introduction to 2d Digital Art and Technology,3
ENGL 50,Introduction to Creative Writing,3
ENGL 50H,Introduction to Creative Writing,3
ENGL 115N,Arts of Love,3
ENGL 128N,The Holocaust in Film and Literature,3
ENGL 190Q,Medievalism,3
ENGL 193N,The Craft of Comics,3
ENGL 197Z,Special Topics - Linked Course,3
ENGL 208N,The Music of the Beatles and American Popular Culture,3
ENGL 212,Introduction to Fiction Writing,3
ENGL 213,Introduction to Poetry Writing,3
ENGL 214,Introduction to Creative Nonfiction Writing,3
ENGL 223N,"Shakespeare: Page, Stage, and Screen",3
ENGL 224N,Authors and Artists,3
ENGL 225N,Sexuality and Modern Visual Culture,3
ENGL 237N,Reading and Writing Documentary Poetry,3
ENGL 260,Theory & Practice of Screenwriting,3
ENGR 120N,Design Thinking and 3D Printing in Engineering and Healthcare,3
FR 138N,French Culture Through Film,3
FRNAR 100,Introduction to Forensic Photography,3
FRNAR 100Z,Introduction to Forensic Photography,3
GAME 160N,Introduction to Video Game Culture,3
GAME 180N,The Art and Science of Virtual Worlds,3
GAME 220,Introduction to Game Design,3
GD 100,Introduction to Graphic Design,3
GD 115N,Visualizing Information,3
GEOSC 107N,"Rocks, Minerals, and the History of Art",3
GER 128N,The Holocaust in Film and Literature,3
GER 189N,German Film,3
HDFS 175N,Introduction to Youth Development and Arts-based Social Justice,3
HIST 131N,"Slavery, the Civil War, and Cinema",3
HIST 240Q,Artistic Patronage in Europe,3
HIST 255N,History of the Book,3
HIST 292N,Witches and Witchcraft from the Middle Ages to the Present,3
HORT 169N,"Fundamentals of Home Landscaping: An Introduction to Design, Construction, and Maintenance",3
HUM 100N,Foundations in the Humanities: Understanding the Human Experience,3
HUM 150N,World Mythologies in the Arts,3
HUM 200N,Explorations in the Humanities: The Quest,3
HUM 300N,Interpretations in the Humanities,3
HUM 311N,The Western Tradition I,3
HUM 400N,Expressions in the Humanities,3
INART 1,The Arts,3
INART 3,Reception of the Arts,3
INART 5,Performing Arts,3
INART 10,The Popular Arts in America: Mass Media Arts,3
INART 15,The Popular Arts in America: Performing Arts,3
INART 55N,History of Electronic Music,3
INART 100,Seminar in Integrative Arts,3
INART 100W,Seminar in Integrative Arts,3
INART 110,The Dramatic Arts in the Mass Media,3
INART 115,The Popular Arts in America: Popular Music,3
INART 116,The Popular Arts in America: The History of Rock and Roll-The 1950s,3
INART 125,The Popular Arts in America: The History of Rock and Roll - Punk Rock,3
INART 126N,The Popular Arts in America: The History of Hip-Hop,3
INART 197Q,Special Topics - InterDomain,3
INART 200,The Popular Arts in America: Elvis Presley - The King of Rock and Roll,3
INART 203Q,Medievalism,3
INART 205,Introducing the Beatles,3
INART 205H,Introducing the Beatles,3
INART 210,Integrative Approaches to Computer-Aided Music Composition,3
INART 220,Stand-Up Comedy: A Cultural History,3
INART 226N,Critical Approaches to Hip-Hop,3
INART 236,Integrating Music and Animation with Technology,3
INART 258A,Fundamentals of Digital Audio,3
INART 258B,Fundamentals of Digital Audio,1
IST 130,Emerging Technologies in Popular Culture,3
IT 240Q,Artistic Patronage in Europe,3
JAPNS 121N,Japanese Film and New Media,3
JST 128N,The Holocaust in Film and Literature,3
KEYBD 100,Piano: Secondary,1
KEYBD 101,Organ: Secondary,1
KEYBD 110,Piano: Secondary,2
KEYBD 111,Organ: Secondary,2
KINES 405N,Bicycling Culture and Urban Design,3
LA 235N,Introduction to Public Humanities,3
LARCH 60,Cultural History of Designed Places,3
LARCH 60H,History of Landscape Architecture,3
LARCH 65,Built Environment and Culture: Examining the Modern City,3
LARCH 405N,Bicycling Culture and Urban Design,3
LDT 110N,Making with Art and Learning Technologies,3
LHR 160N,The Virtual Transformational Leadership Development Experience,3
LLED 215N,Children's Picture Books as Multimodal Texts,3
METEO 51N,Meteorology and Visual Arts: To Know is to See,3
MUSIC 4,Film Music,3
MUSIC 5,An Introduction to Western Music,3
MUSIC 7,Evolution of Jazz,3
MUSIC 8,Rudiments of Music,3
MUSIC 8H,Rudiments of Music,3
MUSIC 9,Introduction to World Musics,3
MUSIC 11,Under the Hood: How Classical Music Works,3
MUSIC 11Z,Under the Hood: How Classical Music Works,3
MUSIC 50,Beginning Piano: Non-Music Major,1
MUSIC 51,Intermediate Class Piano: Non-Music Major,1
MUSIC 52,Voice Class: Non-Music Major,1
MUSIC 53,Class Voice Practicum,1
MUSIC 54,Beginning Class Guitar: Non-Music Major,1
MUSIC 77,Philharmonic Orchestra,1
MUSIC 78,Symphonic Wind Ensemble,1
MUSIC 79,Pep Band,1
MUSIC 80,Symphonic Band,1
MUSIC 81,Marching Blue Band,1
MUSIC 82,Concert Band,1
MUSIC 83,Campus Band,1
MUSIC 84,Jazz Ensemble,1
MUSIC 86,Percussion Ensemble,1
MUSIC 88,Campus Choir,1
MUSIC 88H,Campus Choir,1
MUSIC 89,University Choir,1
MUSIC 90,Glee Club,1
MUSIC 91,Oriana Singers,1
MUSIC 92,Chamber Music for Voices,1
MUSIC 93,Essence of Joy,1
MUSIC 94,Women's Chorale,1
MUSIC 100,Campus Orchestra,1
MUSIC 103,Concert Choir,1
MUSIC 104,Chamber Singers,1
MUSIC 106,Early Music Ensemble,1
MUSIC 109,The Music of the Beatles,3
MUSIC 189,Studio Ensemble,1
MUSIC 190,Chamber Music for Strings,1
MUSIC 191,Chamber Music for Woodwinds,1
MUSIC 192,Chamber Music for Brass,1
MUSIC 207N,Jazz and the African American Experience,3
MUSIC 209N,The Music of the Beatles and American Popular Culture,3
MUSIC 215,The Craft of Singing,3
MUSIC 261,Survey of Music History I,3
MUSIC 262,Survey of Music History II,3
PERCN 100,Percussion: Secondary,1
PERCN 110,Percussion: Secondary,2
PHIL 136N,Art and Philosophy in Ancient Greece,3
PHOTO 100,Introduction to Photography,3
PHOTO 101,Culture of Photography,3
PHOTO 202,Fundamentals of Professional Photography,3
PHOTO 321N,Flow Visualization: The Art and Physics of Fluid Motion,3
PPEM 170N,Plant and Microbial Art,3
PSYCH 109N,The Psychology of Artistic Creativity,3
PSYCH 175N,Mental Illness and the Movies,3
PSYCH 246N,Human Factors in Design & Art,3
PSYCH 297C,Special Topics - InterDomain,3
RUS 101N,Russian Cinema,3
SC 60N,Art in the Natural World,3
SC 103N,When Data Meets Design,3
SC 145N,The Visual Body,3
SC 197Q,Special Topics - InterDomain,3
SOC 20N,Critical Media Literacy,3
SOC 208N,Visual Representations of the Middle East in the US and Middle East,3
SOC 290N,Cinema and Globalization,3
SOC 297C,Special Topics - InterDomain,3
SPAN 269N,Theater and Performance,3
STRNG 100,Violin: Secondary,1
STRNG 101,Viola: Secondary,1
STRNG 102,Violoncello: Secondary,1
STRNG 103,Double Bass: Secondary,1
STRNG 104,Guitar: Secondary,1
STRNG 105,Harp: Secondary,1
STRNG 110,Violin: Secondary,2
STRNG 111,Viola: Secondary,2
STRNG 112,Violoncello: Secondary,2
STRNG 113,Double Bass: Secondary,2
STRNG 114,Guitar: Secondary,2
STRNG 115,Harp: Secondary,2
THEA 100,The Art of the Theatre,3
THEA 101N,Performance and Society,3
THEA 102,Fundamentals of Acting,3
THEA 105,Introduction to Theatre,3
THEA 105H,Introduction to Theatre,3
THEA 107,Introduction to Dramatic Structure,3
THEA 111,The Fundamentals of Singing and Vocal Production,3
THEA 112,Introduction to Musical Theatre,3
THEA 189,"Principles of Stagecraft, A Look Behind the Curtain",1.5
THEA 197Z,Special Topics - Linked Courses,3
THEA 207,Gender and Theatre,3
THEA 208,Workshop: Theatre in Diverse Cultures,3
THEA 403,20th Century Theatre History,3
VOICE 100,Voice: Secondary,1
VOICE 110,Voice: Secondary,2
WMNST 106N,"Representing Women and Gender in Literature, Art and Popular Cultures",3
WMNST 106Q,"Representing Women and Gender in Literature, Art and Popular Cultures",3
WMNST 175N,"Fashion, Gender, and Identity",3
WMNST 207N,"LGBTQ+ Identity, Culture and The Arts",3
WMNST 225N,Sexuality and Modern Visual Culture,3
WMNST 240Q,Artistic Patronage in Europe,3
WWNDS 100,Flute: Secondary,1
WWNDS 101,Oboe: Secondary,1
WWNDS 102,Clarinet: Secondary,1
WWNDS 103,Bassoon: Secondary,1
WWNDS 104,Saxophone: Secondary,1
WWNDS 110,Flute: Secondary,2
WWNDS 111,Oboe: Secondary,2
WWNDS 112,Clarinet: Secondary,2
WWNDS 113,Bassoon: Secondary,2
WWNDS 114,Saxophone: Secondary,2
,,
AA 130N,Creative Arts Therapy Applications,3
ASIA 106N,"Asian Traditions of Health, Medicine, and the Body",3
BBH 48,Values and Health Behavior,1.5
BBH 101,Introduction to Biobehavioral Health,3
BBH 101H,Introduction to Biobehavioral Health,3
BBH 102S,"Values, Health, & Academic Success",3
BBH 119,"Behavior, Health, and Disease",3
BBH 130,Strategies for Addressing the Obesity and Diabetes Epidemics,3
BBH 143,"Drugs, Behavior, and Health",3
BBH 146,Introduction to Health and Human Sexuality,3
BBH 150N,Safe and Sound: The Intersection of Criminal Justice and Public Health,3
BBH 458,Critical Feminist Issues in Reproduction,3
BIOL 160N,Fitness with Exercise Physiology,3
CE 254,Personal & Occupational Safety,3
CI 105N,"Improv Theater, Curriculum & Instruction",3
CMAS 258N,Introduction to Child Maltreatment and Advocacy Studies,3
CRIMJ 150N,Safe and Sound: The Intersection of Criminal Justice and Public Health,3
CSD 100,"Preventing Vocal Abuse, Misuse, and Disorders",3
CSD 101,Preventing Hearing Loss,1.5
DANCE 170,Dance Conditioning,1.5
DANCE 270,Introduction to Bartenieff Fundamentals,3
DANCE 270Z,Introduction to Bartenieff Fundamentals,3
ENGL 161N,The Pursuit of Happiness in American Life: Historical Literature and Modern Practice,3
FDSC 105,Food Facts and Fads,3
HDFS 101N,Helping People: Introduction to Understanding Social Problems & How to Help,3
HDFS 101S,"""Helping People:"" Introduction to Understanding Social Problems & How to Help",3
HDFS 108N,Art and Science of Human Flourishing,3
HDFS 210Z,"Ethnicity, Health and Aging",3
HDFS 249N,Adult Development and Aging,3
HDFS 258N,Introduction to Child Maltreatment and Advocacy Studies,3
HIST 162N,The Pursuit of Happiness in American Life: Historical Literature and Modern Practice,3
HM 208,"Social, Cultural, and Health Influences of Alcohol",1.5
HM 209,Alcohol & Cuisine: Culture & Responsible Service,1.5
HPA 57,Consumer Choices in Health Care,3
KINES 1,Introduction to Outdoor Pursuits,1.5-3
KINES 1Z,Introduction to Outdoor Pursuits -LINKED,1.5-3
KINES 4,Principles of Fly Tying and Fly Fishing for Trout,1.5
KINES 6,Cycle Conditioning,1.5-3
KINES 10,Techniques in Rock Climbing,1.5
KINES 10A,Lead Rock Climbing,1.5
KINES 11,Snowsports: Downhill Skiing,1.5
KINES 11A,Intermediate Downhill Skiing,1
KINES 12,Snowsports: Snowboarding,1.5
KINES 13,"First Aid & Safety, CPR/AED",1.5
KINES 17,Ballroom Dance,1.5
KINES 20,Modern Dance,1.5
KINES 24,Lifetime Sports,3
KINES 25,Introduction to Court Sports,1.5
KINES 26,Archery/Indoor & Outdoor,1.5
KINES 27,Badminton,1.5
KINES 29,Golf I,1-1.5
KINES 29A,Golf II,1.5
KINES 29B,Total Golf,1.5-3
KINES 29C,Total Golf in Pennsylvania,3
KINES 41,Handball,1.5
KINES 42,Ice Skating,1.5
KINES 44,Racquetball I,1.5
KINES 45,NAUI Basic SCUBA,1.5
KINES 45A,PADI Basic SCUBA,1.5
KINES 46,Squash I,1-1.5
KINES 47A,Beginning Swimming,1.5
KINES 47B,Intermediate Swimming,1.5
KINES 48,Tennis I,1.5
KINES 50,Lifeguarding,3
KINES 56,Introduction to Martial Arts,1.5
KINES 57,Personal Defense,1.5
KINES 58,Judo I,1.5
KINES 59,Introduction to Karate,1.5
KINES 61,Fitness Theory and Practice,3
KINES 61S,Fitness Theory and Practice,3
KINES 62,Introduction to Cardiovascular Activities,1.5
KINES 63,Aerobic Dance,1.5
KINES 65,Lifetime Jogging,1.5
KINES 67,Physical Conditioning,1.5
KINES 68,Resistance Training,1.5
KINES 70,Swim Conditioning,1.5
KINES 72,Walking for Fitness,1.5
KINES 76,Introduction to Tai Chi Ch'uan,1.5
KINES 77,Yoga for a Lifetime,1.5
KINES 77A,Advanced Yoga Practice,1.5
KINES 81,Wellness Theory,3
KINES 82,Action Methods for Stress Management,3
KINES 83,Exercise for Stress Management,1.5
KINES 84,Fitness for Life,1.5-3
KINES 84Z,Fitness for Life - Linked,3
KINES 88,Varsity Sport Experience,1.5-3
KINES 89,Wilderness Experience,3
KINES 90,Indoor Team Sports,3
KINES 90A,Introduction to Team Sports/Indoor - Volleyball,1.5
KINES 90B,Introduction to Team Sports/Indoor - Basketball,1.5
KINES 90C,Introduction to Team Sports/Indoor - Team Handball,1.5
KINES 91A,Introduction to Outdoor Team Sports-Soccer,1.5
KINES 91C,Introduction to Outdoor Team Sports-Rugby,1.5
KINES 91D,Introduction to Outdoor Team Sports - Ultimate,1.5
KINES 92,Personal Fitness and Wellness,3
KINES 93,Enhancing Mastery in Physical Activity,1.5-3
KINES 96,Independent Study in Physical Activity,0.5-3
KINES 160N,Fitness with Exercise Physiology,3
KINES 222N,Science and Politics of the Female Athlete,3
KINES 303,Emergency Care - First Aid/Safety/AED,3
KINES 405N,Bicycling Culture and Urban Design,3
LARCH 405N,Bicycling Culture and Urban Design,3
NURS 203,First Aid and CPR,3
NURS 325N,Health and Environmental Sustainability,3
NURS 407,Drugs of Abuse and Mental Health Issues,3
NURS 464,Dying and Death,3
NUTR 100,Nutrition Applications for a Healthy Lifestyle,3
NUTR 175,Healthy Food for All: Factors that Influence What we Eat in the US,3
NUTR 175Z,Healthy Food for All: Factors that Influence What we Eat in the US - LINKED,3
NUTR 251,Introductory Principles of Nutrition,3
PHIL 137N,Introduction to Philosophy through Health and Sport,3
PLSC 222N,Science and Politics of the Female Athlete,3
PUBPL 222N,Science and Politics of the Female Athlete,3
RHS 226,College Student Mental Health and Wellness,3
RPTM 1,Introduction to Outdoor Pursuits,1.5-3
RPTM 1Z,Introduction to Outdoor Pursuits -LINKED,1.5-3
RPTM 140,Outdoor School Field Experience,2
RPTM 280,Wilderness First Aid,1
SCIED 140,Outdoor School Field Experience,2
SOC 150N,"Healthy People, Healthy Society",3
SOC 258N,Introduction to Child Maltreatment and Advocacy Studies,3
STS 105,Food Facts and Fads,3
SUST 325N,Health and Environmental Sustainability,3
VBSC 130,Understanding Human Disease,3
WMNST 458,Critical Feminist Issues in Reproduction,3
,,
AA 193N,The Craft of Comics,3
AAS 100N,Introduction to Asian American Studies,3
AFAM S97I,Special Topics - InterDomain,3
AFAM 83,First-Year Seminar in African American Studies,3
AFAM 100N,Black Freedom Struggles,3
AFAM 101N,African American Women,3
AFAM 102,Women of the African Diaspora,3
AFAM 103,Racism and Sexism,3
AFAM 105N,Afro-Latin America: Race and Revolution,3
AFAM 110N,Introduction to African American Studies,3
AFAM 111N,Introduction to Anti-Black racism in the United States: The African American Experience,3
AFAM 114N,"Race, Gender and Sport",3
AFAM 116,Muslims in America,3
AFAM 126N,The Popular Arts in America: The History of Hip-Hop,3
AFAM 139,African American Literature,3
AFAM 145,African Diaspora Religions and Spiritualities,3
AFAM 146,"The Life and Thought of Martin Luther King, Jr.",3
AFAM 147,The Life and Thought of Malcolm X,3
AFAM 152,African American History,3
AFAM 164,The History of Brazil,3
AFAM 210,"Freedom's First Generation: African American Life and Work, from the Civil War to World War II",3
AFAM 211,Slavery and Freedom in the Black Atlantic,3
AFAM 213Y,African American Women's History,3
AFAM 226N,Critical Approaches to Hip-Hop,3
AFAM 250,Introduction to the Caribbean,3
AFAM 280,Historical Ethnography of Freedom,3
AFAM 364N,Black & White Sexuality,3
AFAM 435N,Black Ecologies,3
AFR 110N,Introduction to Contemporary Africa,3
AFR 150,Africa in Cinema,3
AFR 191,Early African History,3
AFR 192,Modern African History,3
AFR 192H,Modern African History,3
AFR 202N,"Women, Gender, and Feminisms in Africa",3
AFR 230N,Language and Social Justice,3
AFR 435N,Black Ecologies,3
AFR 449,Sport in African History,3
AG 160,Introduction into Ethics and Issues in Agriculture,3
AG 160S,Introduction to Ethics and Issues in Agriculture,3
AG 180N,"Contemporary Issues in Food, Ag, Natural Resources, and Human Sciences",3
AMST 3,The American Nation: Historical Perspectives,3
AMST 50,The Literature and Lore of Mining,3
AMST 83,First-Year Seminar in American Studies,3
AMST 100,Introduction to American Studies,3
AMST 100Y,Introduction to American Studies,3
AMST 103,American Masculinities,3
AMST 104,Women and the American Experience,3
AMST 105,American Popular Culture and Folklife,3
AMST 106N,The Mass Media and Society,3
AMST 127,Introduction to U.S. Latina/o History,3
AMST 134,American Comedy,3
AMST 135,Alternative Voices in American Literature,3
AMST 140Y,Religion in American Life and Thought,3
AMST 150,America in the 1960s: An Introduction,3
AMST 150N,"Western Pennsylvania Art, Literature, and Culture",3
AMST 151N,Technology and Society in American History,3
AMST 155,American Business History,3
AMST 160N,Introduction to Asian American Studies,3
AMST 161,The Battle of Gettysburg in American Historical Memory,3
AMST 161N,"Chinese in America, Americans in China",3
AMST 170N,Introduction to American Folklore,3
AMST 226N,Critical Approaches to Hip-Hop,3
AMST 307N,American Art and Society,3
AMST 308N,American Architecture,3
AMST 309N,American Material Culture,3
ANTH 2N,World Archaeology,3
ANTH 9N,Rise of Civilization in the Old World,3
ANTH 45N,Cultural Diversity: A Global Perspective,3
ANTH 45Q,Cultural Diversity: A Global Perspective,3
ANTH 60N,Society and Cultures in Modern Israel,3
ANTH 129N,Chocolate Worlds,3
ANTH 220,Anthropology and Art/ifacts,3
ANTH 221N,Ancient Maya: Sacred Blood & Conjured Serpent,3
ANTH 223N,European Prehistory,3
ANTH 434N,Black Ecologies,3
APLNG 200,"Introduction to Language, Culture, and Social Interaction",3
APLNG 210,Global English,3
APLNG 220N,Multilingual Lives: Stories of Language and Culture Learning,3
APLNG 230N,Language and Social Justice,3
APLNG 260,LANGUAGE AND TECHNOLOGY,3
APLNG 280N,Conducting International Comparative Research,3
ARAB 110,"Arab Language, Cultures, and Current Topics",3
ARAB 164,Introduction to the Qur'an,3
ARAB 165,"Islamic States, Societies and Cultures c. 600-1500",3
ARTH 115N,Arts of Love,3
ARTH 202N,Renaissance to Modern Architecture,3
ARTH 224N,Authors and Artists,3
ARTH 225N,Sexuality and Modern Visual Culture,3
ARTH 292N,Witches and Witchcraft from the Middle Ages to the Present,3
ARTH 307N,American Art and Society,3
ARTH 308N,American Architecture,3
ASIA 3,Introduction to the Religions of the East,3
ASIA 4,Introduction to Asian Literatures,3
ASIA 83S,Asian Studies First Year Seminar,3
ASIA 100,What is Asia?,3
ASIA 100Z,What is Asia? - LINKED,3
ASIA 101N,Sports in Asia,3
ASIA 102,Asian Popular Culture,3
ASIA 103,Introduction to Hinduism,3
ASIA 104,Introduction to Buddhism,3
ASIA 105,War and Memory in Asia: Twentieth Century and beyond,3
ASIA 106N,"Asian Traditions of Health, Medicine, and the Body",3
ASIA 120Y,South Asia: A Literary History,3
ASIA 122,Gods to Godzilla: A Survey of Japanese Culture,3
ASIA 171,South Asia since 1500,3
ASIA 172,Introduction to Japanese Civilization,3
ASIA 174,East Asia to 1800,3
ASIA 175,East Asia since 1800,3
ASIA 176,Survey of Indian History,3
ASIA 177,Rise of Modern Southeast Asia,3
ASIA 181,Introduction to the Religions of China and Japan,3
ASIA 182,"Asian Trade: Economy, Industrialization and Capitalism in Asia",3
ASIA 183,"Gender, Family, and Society in East Asia",3
ASIA 184,Society and Culture in the Pacific War,3
ASIA 186,The Silk Roads,3
ASIA 188,"Tibet: People, Places and Spaces",3
ASIA 189,Illicit Asia: An Alternative Introduction to Asia,3
ASIA 200,What Are Asian Languages?,3
ASTRO 19N,Being in the Universe,3
AYFCE 211N,Foundations: Civic and Community Engagement,3
BIOET 100,Bioethics,3
BIOET 110N,"Health, Illness, and the Human Condition",3
BIOET 220N,"Ethics, Society, and Science Fiction",3
BIOET 401Q,"Science, Ethics, Policy, and Law",3
BIOL 197E,*Special Topics Inter-Domain*,3
CAMS 1,Greek and Roman Literature,3
CAMS 4,Jewish and Christian Foundations,3
CAMS 5,Ancient Mediterranean Civilizations,3
CAMS 5Z,Ancient Mediterranean Civilizations,3
CAMS 10,Mesopotamian Civilization,3
CAMS 10U,MESOPOTAMIAN CIVILIZATION,3
CAMS 12N,Lands of the Bible,3
CAMS 15,Wonders of the Ancient World,3
CAMS 20,Egyptian Civilization,3
CAMS 25,Greek Civilization,3
CAMS 25U,Greek Civilization - Honors,3
CAMS 33,Roman Civilization,3
CAMS 44,Ancient Near Eastern and Egyptian Mythology,3
CAMS 45,Classical Mythology,3
CAMS 45H,Classical Mythology,3
CAMS 50,Words: Classical Sources of English Vocabulary,3
CAMS 70,Prophecy in the Bible and the Ancient Near East,3
CAMS 83Y,First-Year Seminar in Classics and Ancient Mediterranean Studies,3
CAMS 90,"Jerusalem: Past, Present, and Future",3
CAMS 100,Ancient Greece,3
CAMS 101,The Roman Republic and Empire,3
CAMS 102,Canaan and Israel in Antiquity,3
CAMS 104,Ancient Egypt,3
CAMS 105,History of the Ancient Near East,3
CAMS 109Y,Writing Systems of the World,3
CAMS 110,Introduction to the Bible: Old Testament,3
CAMS 111,Early Judaism,3
CAMS 113,Jewish Myths and Legends,3
CAMS 115,Literature of the Ancient Near East,3
CAMS 120,New Testament,3
CAMS 121,Jesus the Jew,3
CAMS 122,Apocalypse and Beyond,3
CAMS 123,History of God: Origins of Monotheism,3
CAMS 124,Early and Medieval Christianity,3
CAMS 130,The Ancient World in Film,3
CAMS 140,Classical Archaeology--Ancient Greece,3
CAMS 142,Sport and Spectacle in the Ancient Mediterranean World,3
CAMS 150,Classical Archaeology--Ancient Rome,3
CAMS 153,Dead Sea Scrolls,3
CAMS 160,Sacrifice in the Ancient World,3
CAMS 180,Ancient Warfare,3
CAMS 194,Jerusalem: Sacred and Profane,3
CAMS 200,Ancient Philosophy,3
CAMS 210,Numismatics and the Historian,3
CAMS 250,Honors Classics in Literature and Film,3
CAS 84,First-Year Seminar in Communication Arts and Sciences,3
CAS 101N,Introduction to Human Communication,3
CAS 162N,Communicating Care,3
CAS 170N,What is Information?,3
CAS 175N,Persuasion and Propaganda,3
CAS 182N,Communication and Sport,3
CAS 206,Mediation and Communication,3
CAS 208N,Introduction to Managing Conflict and Bargaining,3
CAS 210,Landmark Speeches on Democracy and Dissent,3
CAS 214W,Speech Writing,3
CAS 215,Argumentation,3
CAS 222N,Foundations: Civic and Community Engagement,3
CAS 232N,"Identity, Citizenship, and the Rhetoric of American Horror Film",3
CAS 255,Communicating Gender,3
CAS 271N,Intercultural Communication,3
CAS 272N,Political Communication and Technology,3
CAS 301,Rhetorical Theory,3
CAS 311,Methods of Rhetorical Criticism,3
CAS 315,Debate and Civic Life,3
CAS 321,Rhetoric and Law,3
CAS 352,Organizational Communication,3
CAS 373,The Rhetorics of War and Peace,3
CAS 375,Rhetoric and Public Controversy,3
CAS 383N,Culture and Technology,3
CAS 478,Contemporary U.S. Political Rhetoric,3
CED 102N,"Wicked Problems Like Inequality, Sustainability & Climate Change: What's the Right Thing to Do?",3
CED 109N,Gentrification in Everyday Life,3
CED 160,Introduction into Ethics and Issues in Agriculture,3
CED 400N,Exploring Indigenous Ways of Knowing in Great Lakes Region: Lecture,3
CHEM 233N,Chemistry and Literature,3
CHNS 120,Introduction to Chinese Literature and Culture,3
CHNS 120W,Introduction to Chinese Literature and Culture,3
CHNS 120Z,Introduction to Chinese Literature and Culture - Linked,3
CHNS 121N,Chinese Film and New Media,3
CI 280,Introduction to Teaching English Language Learners,3
CI 304N,"Food, Farms & Justice: What's Education Got To Do With Them?",3
CIVCM 211N,Foundations: Civic and Community Engagement,3
CMLIT 1,Introduction to Western Literatures Through the Renaissance,3
CMLIT 2,Introduction to Western Literatures Since the Renaissance,3
CMLIT 3,Introduction to African Literatures,3
CMLIT 4,Introduction to Asian Literatures,3
CMLIT 5,Introduction to Literatures of the Americas,3
CMLIT 6,Literature and Philosophy,3
CMLIT 7,Introduction to Middle Eastern Literatures,3
CMLIT 10,World Literatures,3
CMLIT 10U,The Forms of World Literature: A Global Perspective,3
CMLIT 11,The Hero in World Literature,3
CMLIT 12,Introduction to World Drama and Performance,3
CMLIT 13,Virtual Worlds: Antiquity to the Present,3
CMLIT 19N,Being in the Universe,3
CMLIT 83S,First-Year Seminar in Comparative Literature,3
CMLIT 100,Reading Across Cultures,3
CMLIT 101,"Race, Gender, and Identity in World Literature",3
CMLIT 105,The Development of Literary Humor,3
CMLIT 106,The Arthurian Legend,3
CMLIT 107,"Exploration, Travel, Migration, and Exile",3
CMLIT 108,Myths and Mythologies,3
CMLIT 109,"Native American Myths, Legends, and Literatures",3
CMLIT 110,Jewish Literature: An International Perspective,3
CMLIT 111,Introduction to Literatures of India,3
CMLIT 112N,"Introduction to Global Drama, Theatre, and Performance",3
CMLIT 113,Jewish Myths and Legends,3
CMLIT 116,Jewish Great Books,3
CMLIT 120,The Literature of the Occult,3
CMLIT 122,Global Science Fictions,3
CMLIT 128N,The Holocaust in Film and Literature,3
CMLIT 130,Banned Books: International and Comparative Perspectives,3
CMLIT 131,Crime and Detection in World Literature,3
CMLIT 132,Nobel Prize Literature,3
CMLIT 133N,Global Satire and Modern Politics,3
CMLIT 140,Literature and the Other Arts: International and Comparative Perspectives,3
CMLIT 141,Religion and Literature,3
CMLIT 142,The Psychology of World Literature,3
CMLIT 143,Human Rights and World Literature,3
CMLIT 153,International Cultures: Film and Literature,3
CMLIT 183Q,From Beast Books to Resurrecting Dinosaurs,3
CMLIT 184,The Short Story,3
CMLIT 185,World Novel,3
CMLIT 189,Modern Drama,3
CMLIT 191N,Introduction to Video Game Culture,3
CMLIT 240Q,Artistic Patronage in Europe,3
CMLIT 415,World Graphic Novels,3
COMM 100N,The Mass Media and Society,3
COMM 110,Media and Democracy,3
COMM 150N,The Art of the Cinema,3
COMM 150Q,The Art of the Cinema,3
COMM 168,"American Journalism: Values, Traditions, and Practices",3
COMM 222N,Social Justice and the Image,3
COMM 234N,Digital Cultures,3
COMM 235N,Introduction to Public Humanities,3
COMM 261,The Literature of Journalism,3
COMM 292,Introduction to Media & Politics,3
CRIM 225N,Organized Crime in Film and Society,3
CRIM 297I,Special Topics - InterDomain,3
CRIMJ 159,History of the FBI,3
CRIMJ 205N,Critical Race Theory in the Humanities and Social Sciences,3
DANCE 411,From Africa to Hip Hop- The Evolution of African American Dance History,3
DART 102N,Introduction to 2d Digital Art and Technology,3
DIGIT 100,Introduction to Digital Humanities,3
EARTH 155N,Scientific Controversies and Public Debate,3
ECON 472N,Russian Economic History,3
EDUC 205N,Critical Race Theory in the Humanities and Social Sciences,3
EDUC 466N,Foundations of Teaching English as a Second Language,3
EMSC 240N,Energy and Sustainability in Contemporary Culture,3
ENGL 2,The Great Traditions in English Literature,3
ENGL 2H,The Great Traditions in English Literature Honors,3
ENGL 83S,First-Year Seminar in English,3
ENGL 88,Australian/New Zealand Cultural Perspectives,3
ENGL 101,Introduction to Literature,3
ENGL 103,The Great Traditions in American Literature,3
ENGL 104,The Bible as Literature,3
ENGL 105,American Popular Culture and Folklife,3
ENGL 112,Pennsylvania Literature,3
ENGL 115N,Arts of Love,3
ENGL 118,Music and Literature,3
ENGL 120,Difference in Early Literature,3
ENGL 124,"Legal Fictions: Law, Justice, Literature",3
ENGL 126,Bad Literature,3
ENGL 128N,The Holocaust in Film and Literature,3
ENGL 129,Shakespeare,3
ENGL 129H,Shakespeare,3
ENGL 130,Reading Popular Texts,3
ENGL 131,Weird Tales: Literature of Horror and the Supernatural,3
ENGL 132,Jewish American Literature,3
ENGL 133,Modern American Literature to World War II,3
ENGL 134,American Comedy,3
ENGL 135,Alternative Voices in American Literature,3
ENGL 136,The Graphic Novel,3
ENGL 139,African American Literature,3
ENGL 140,Contemporary Literature,3
ENGL 140H,Contemporary Literature - Honors,3
ENGL 142N,Science in Literature,3
ENGL 144,Everyday Rhetoric,3
ENGL 145,Modern Irish Literature,3
ENGL 161N,The Pursuit of Happiness in American Life: Historical Literature and Modern Practice,3
ENGL 162N,Communicating Care,3
ENGL 163N,Defining the Animal,3
ENGL 165N,Work and Literature,3
ENGL 170N,Introduction to American Folklore,3
ENGL 179,Exploring the Literature of Food: Current Trends in American Food Writing and Environmentalism,3
ENGL 180,Literature and the Natural World,3
ENGL 181A,Adventure Literature: Exploring the Chesapeake Bay,4.5
ENGL 181B,Adventure Literature: Exploring Cape Cod,4.5
ENGL 181C,The Beach: Exploring the Literature of the Atlantic Shore,4.5
ENGL 181D,Adventure Literature: Exploring the Literature of American Wilderness,3
ENGL 182,Literature and Empire,3
ENGL 182A,Literature and Empire,3
ENGL 182C,Literature and Empire,3
ENGL 183N,"The Cold War in Literature, Politics, and History",3
ENGL 183Z,Adventure Literature,3-4.5
ENGL 184,The Short Story,3
ENGL 185,World Novel,3
ENGL 189,Modern Drama,3
ENGL 190Q,Medievalism,3
ENGL 191,Science Fiction,3
ENGL 192,The Literature of Fantasy,3
ENGL 193N,The Craft of Comics,3
ENGL 194,Women Writers,3
ENGL 194H,Women Writers - Honors,3
ENGL 194S,Women Writers,3
ENGL 197Z,Special Topics - Linked Course,3
ENGL 201,What is Literature,3
ENGL 201H,What is Literature,3
ENGL 205,Children's Literature,3
ENGL 206,Business and Literature,3
ENGL 208N,The Music of the Beatles and American Popular Culture,3
ENGL 221,British Literature to 1798,3
ENGL 221W,British Literature to 1798,3
ENGL 222,British Literature from 1798,3
ENGL 222W,British Literature from 1798,3
ENGL 223N,"Shakespeare: Page, Stage, and Screen",3
ENGL 224N,Authors and Artists,3
ENGL 225N,Sexuality and Modern Visual Culture,3
ENGL 226,Latina and Latino Border Theories,3
ENGL 227,Introduction to Queer Theory,3
ENGL 228,Introduction to Disability Studies in the Humanities,3
ENGL 229,Digital Studies,3
ENGL 231,American Literature to 1865,3
ENGL 231Y,American Literature to 1865,3
ENGL 232,American Literature from 1865,3
ENGL 232Y,American Literature from 1865,3
ENGL 233N,Chemistry and Literature,3
ENGL 234,"Sports, Ethics, and Literature",3
ENGL 236N,"Inequality: Economics, Philosophy, Literature",3
ENGL 237N,Reading and Writing Documentary Poetry,3
ENGL 240,Exploring Literary Traditions,3
ENGL 245,Introduction to LGBTQ Studies,3
ENGL 261,Exploring Literary Forms,3
ENGL 262,Reading Fiction,3
ENGL 263,Reading Poetry,3
ENGL 265,Reading Nonfiction,3
ENGL 268,Reading Drama,3
ENGR 115N,"Science, Humanity and Catastrophe: Scientific Discovery in Germany",3
ENGR 197E,Special Topics GN/GH,3
ENGR 467Q,Robots and Their Role in Society,3
ENT 216N,Plagues Through the Ages,3
ENVST 100N,Visions of Nature,3
ESC 220N,"Ethics, Society, and Science Fiction",3
FDSC 134,"Food, Values, and Health",3
FR 83,First-Year Seminar in French,3
FR 137,Paris: Anatomy of a Global City,3
FR 138N,French Culture Through Film,3
FR 139,France and the French-speaking World,3
FR 142,"French Fiction, Drama, and Film (In English)",3
GAME 160N,Introduction to Video Game Culture,3
GD 115N,Visualizing Information,3
GEOG 2N,Apocalyptic Geographies: How can we prevent the end of the world?,3
GEOG 122,The American Scene,3
GEOSC 212N,Earthquakes and Human History,3
GER 83,First-Year Seminar in German,3
GER 100,German Culture and Civilization,3
GER 115N,"Science, Humanity and Catastrophe: Scientific Discovery in Germany",3
GER 123,Genocide in Global perspectives: Twentieth Century and beyond,3
GER 128N,The Holocaust in Film and Literature,3
GER 143,The Culture of Stalinism and Nazism,3
GER 157N,The Amish,3
GER 166,"Marx, Nietzsche, Freud",3
GER 175,Germanic Heroic and Medieval Literature in English Translation,3
GER 189N,German Film,3
GER 190,Twentieth-Century German Literature in English Translation,3
GER 197E,Special Topics GN/GH,3
GER 200N,Contemporary German Culture,3
GER 245,The Vikings,3
GLIS 101N,Globalization,3
GLIS 102N,Global Pathways,3
HDFS 254N,Reading Our Lives: Understanding Diversity and Human Development through Memoirs,3
HEBR 10,Jewish Civilization,3
HHD 245N,"Health, humanity, and longevity: Conversations with elders",3
HHD 497I,Intergenerational Communication,3
HHUM 220N,"Ethics, Society, and Science Fiction",3
HIST 1,Western Civilization I,3
HIST 1H,Western Civilization I,3
HIST 1T,The Western Heritage I,3
HIST 2,Western Civilization II,3
HIST 2H,Western Civilization II,3
HIST 3,The American Nation: Historical Perspectives,3
HIST 5,Ancient Mediterranean Civilizations,3
HIST 5Z,Ancient Mediterranean Civilizations,3
HIST 6N,History and Weather: How Weather Played an Instrumental Role in Great World Events,3
HIST 10,World History to 1500,3
HIST 11,World History since 1500,3
HIST 12,History of Pennsylvania,3
HIST 20,American Civilization to 1877,3
HIST 20Y,American Civ to 1877Y,3
HIST 21,American Civilization Since 1877,3
HIST 21Y,American Civilization Since 1877,3
HIST 66,Survey of British History,3
HIST 83,First-Year Seminar in History,3
HIST 100,Ancient Greece,3
HIST 101,The Roman Republic and Empire,3
HIST 102,Canaan and Israel in Antiquity,3
HIST 103,"The History of Madness, Mental Illness, and Psychiatry",3
HIST 104,Ancient Egypt,3
HIST 105,The Byzantine Empire,3
HIST 106,"Early Modern Empires of Islam: The Ottomans, Safavids, and Mughals",3
HIST 107,Medieval Europe,3
HIST 108,Crusades: Holy War in the Middle Ages,3
HIST 109,Introduction to U.S. Environmental History,3
HIST 110,Introduction to Global Environmental History,3
HIST 111,Introduction to U.S. Food History,3
HIST 113,Baseball in Comparative History,3
HIST 114N,Historical Perspectives on HealthCare Innovations,3
HIST 115,The American Jewish Experience,3
HIST 116N,Family and Gender Roles in Modern History,3
HIST 117,Women in United States History,3
HIST 118,Modern Jewish History,3
HIST 119,Gender and History,3
HIST 120N,History of Modern Europe since 1789,3
HIST 121,History of the Holocaust 1933-1945,3
HIST 122,History of Science I,3
HIST 123,History of Science II,3
HIST 124,History of Western Medicine,3
HIST 125N,History of Infectious Disease and Epidemiology,3
HIST 127,Introduction to U.S. Latina/o History,3
HIST 128N,Cultural Perspectives on Mathematics,3
HIST 129N,Chocolate Worlds,3
HIST 130,"Introduction to the Civil War Era, 1848 through 1877",3
HIST 130H,"Introduction to the Civil War Era, 1848-1877 Honors",3
HIST 131N,"Slavery, the Civil War, and Cinema",3
HIST 134,Great Britain and Ireland in the Early Modern World,3
HIST 140,The History of the Israel-Palestine Conflict (1917-Present),3
HIST 141,Medieval and Modern Russia,3
HIST 142N,History of Communism,3
HIST 143N,History of Fascism and Nazism,3
HIST 144,The World at War: 1939-1945,3
HIST 145N,The Holocaust and Human Rights,3
HIST 147,East European Jewish History,3
HIST 148,History of Pennsylvania State University,3
HIST 150,America in the 1960s: An Introduction,3
HIST 151N,Technology and Society in American History,3
HIST 152,African American History,3
HIST 153,Native American History,3
HIST 153Y,The Indian in North America,3
HIST 154,History of Welfare and Poverty in the United States,3
HIST 155,American Business History,3
HIST 157,Railroads and American Society,3
HIST 158,History of American Immigration,3
HIST 159,History of the FBI,3
HIST 161,The Battle of Gettysburg in American Historical Memory,3
HIST 162N,The Pursuit of Happiness in American Life: Historical Literature and Modern Practice,3
HIST 164,The History of Brazil,3
HIST 165,"Islamic States, Societies and Cultures c. 600-1500",3
HIST 166,History of Sexuality,3
HIST 169,The Indian Ocean World,3
HIST 170,South Asia to 1500,3
HIST 171,South Asia since 1500,3
HIST 172,Introduction to Japanese Civilization,3
HIST 173,Vietnam in War and Peace,3
HIST 174,East Asia to 1800,3
HIST 175,East Asia since 1800,3
HIST 175H,The History of Modern East Asia,3
HIST 176,Survey of Indian History,3
HIST 177,Rise of Modern Southeast Asia,3
HIST 178,Latin-American History to 1820,3
HIST 179,Latin-American History Since 1820,3
HIST 180,Ancient Warfare,3
HIST 181,Introduction to the Middle East,3
HIST 181H,Introduction to the Middle East Honors,3
HIST 182,"Asian Trade: Economy, Industrialization and Capitalism in Asia",3
HIST 183,"Gender, Family, and Society in East Asia",3
HIST 184,Society and Culture in the Pacific War,3
HIST 186,The Silk Roads,3
HIST 188,"Tibet: People, Places and Spaces",3
HIST 189,Illicit Asia: An Alternative Introduction to Asia,3
HIST 190,The Middle East Today,3
HIST 191,Early African History,3
HIST 192,Modern African History,3
HIST 192H,Modern African History,3
HIST 193,Modern Iran,3
HIST 194,Jerusalem: Sacred and Profane,3
HIST 195,Genocide in Global perspectives: Twentieth Century and beyond,3
HIST 203N,"History of Monsters, Aliens & the Supernatural",3
HIST 205,American Antisemitism,3
HIST 210,"Freedom's First Generation: African American Life and Work, from the Civil War to World War II",3
HIST 211,Slavery and Freedom in the Black Atlantic,3
HIST 212N,Earthquakes and Human History,3
HIST 213Y,African American Women's History,3
HIST 220,Global Diaspora and Exile,3
HIST 238N,Society and Culture in Palestine/Israel,3
HIST 240Q,Artistic Patronage in Europe,3
HIST 245,Middle Eastern Cities,3
HIST 250,Introduction to the Caribbean,3
HIST 252,Revolutions in the Middle East,3
HIST 255N,History of the Book,3
HIST 260,The Middle East in Film,3
HIST 261Y,Ghetto: From Venice to Detroit,3
HIST 266Y,Sexuality and Violence in Nineteenth-Century America,3
HIST 292N,Witches and Witchcraft from the Middle Ages to the Present,3
HIST 402N,Russian Economic History,3
HIST 423,Orthodox Christianity: History and Interpretations,3
HM 210N,The Impact of Culture and Customs in Global Hospitality Environments,3
HUM 100N,Foundations in the Humanities: Understanding the Human Experience,3
HUM 101,Transformative Texts Part 1: Foundational Knowledge,3
HUM 102,Transformative Texts Part 2: Contemporary Issues & Practical Perspectives,3
HUM 150N,World Mythologies in the Arts,3
HUM 200N,Explorations in the Humanities: The Quest,3
HUM 300N,Interpretations in the Humanities,3
HUM 311N,The Western Tradition I,3
HUM 400N,Expressions in the Humanities,3
INART 55N,History of Electronic Music,3
INART 126N,The Popular Arts in America: The History of Hip-Hop,3
INART 203Q,Medievalism,3
INART 226N,Critical Approaches to Hip-Hop,3
IST 144N,Invasion of Technology from a 21st Century Perspective,3
IST 170N,What is Information?,3
IST 234N,Digital Cultures,3
IT 83,"First-Year Seminar in Italian Literature, Film, and Culture",3
IT 130,Italian Culture and Civilization,3
IT 131,Introduction to Italian American Culture,3
IT 140,Italian Language & Culture for Study Abroad,3
IT 175,Italian Language and Culture for Embedded Experiences Abroad,3
IT 210N,Multilingual and Intercultural Communication,3
IT 225N,Organized Crime in Film and Society,3
IT 240Q,Artistic Patronage in Europe,3
JAPNS 120,Japanese Literature in Its Cultural Context,3
JAPNS 120W,Japanese Literature in its Cultural Context,3
JAPNS 121H,Japanese Film and New Media,3
JAPNS 121N,Japanese Film and New Media,3
JAPNS 122,Gods to Godzilla: A Survey of Japanese Culture,3
JAPNS 172,Introduction to Japanese Civilization,3
JST 4,Jewish and Christian Foundations,3
JST 10,Jewish Civilization,3
JST 12N,Lands of the Bible,3
JST 60N,Society and Cultures in Modern Israel,3
JST 70,Prophecy in the Bible and the Ancient Near East,3
JST 83,First-Year Seminar in Jewish Studies,3
JST 90,"Jerusalem: Past, Present, and Future",3
JST 102,Canaan and Israel in Antiquity,3
JST 104,The Bible as Literature,3
JST 106,Mysticism and Kabbalah,3
JST 110,Introduction to the Bible: Old Testament,3
JST 111,Early Judaism,3
JST 112,Jesus the Jew,3
JST 113,Jewish Myths and Legends,3
JST 114,Modern Judaism,3
JST 115,The American Jewish Experience,3
JST 116,Jewish Great Books,3
JST 118,Modern Jewish History,3
JST 120,New Testament,3
JST 121,History of the Holocaust 1933-1945,3
JST 122,Apocalypse and Beyond,3
JST 123,History of God: Origins of Monotheism,3
JST 124,Early and Medieval Christianity,3
JST 128N,The Holocaust in Film and Literature,3
JST 131,Jewish Literature: An International Perspective,3
JST 132,Jewish American Literature,3
JST 135,Ethics in Jewish Tradition and Thought,3
JST 140,The History of the Israel-Palestine Conflict (1917-Present),3
JST 143N,History of Fascism and Nazism,3
JST 147,East European Jewish History,3
JST 153,Dead Sea Scrolls,3
JST 160,Sacrifice in the Ancient World,3
JST 181,Introduction to the Middle East,3
JST 181H,Introduction to the Middle East Honors,3
JST 186,The Silk Roads,3
JST 190,The Middle East Today,3
JST 193,Modern Iran,3
JST 194,Jerusalem: Sacred and Profane,3
JST 195,Genocide in Global perspectives: Twentieth Century and beyond,3
JST 205,American Antisemitism,3
JST 210,Numismatics and the Historian,3
JST 220,Global Diaspora and Exile,3
JST 260,The Middle East in Film,3
JST 261Y,Ghetto: From Venice to Detroit,3
KINES 419,Disability Sport and Recreation,3
KINES 449,Sport in African History,3
KOR 120,Introduction to Korean Culture,3
KOR 121,Korean Popular Culture,3
LA 135N,"College, Work, and Citizenship in the 21st Century",3
LA 235N,Introduction to Public Humanities,3
LHR 165N,Work and Literature,3
LLED 215N,Children's Picture Books as Multimodal Texts,3
LLED 227,"Understanding Childhood through ChildrenÂ¿s Literature: Books, Media, Toys",3
LLED 235,Chinese Culture in Child Lit,3
LTNST 100,Introduction to Latina/o Studies,3
LTNST 127,Introduction to U.S. Latina/o History,3
LTNST 226,Latina and Latino Border Theories,3
LTNST 300,Latinx Gender and Sexuality Studies,3
LTNST 315N,Spanish and Spanish-speakers in the U.S.,3
LTNST 326,Reading the BorderLands: Geography and Identity Along the U.S.-Mexico Border,3
LTNST 479,U.S. Latina/o Culture en Espanol,3
MEDVL 107,Medieval Europe,3
MEDVL 108,Medieval Civilization,3
MEDVL 108H,Medieval Civilization,3
METEO 6N,History and Weather: How Weather Played an Instrumental Role in Great World Events,3
METEO 133N,Ethics of Climate Change,3
MUSIC 209N,The Music of the Beatles and American Popular Culture,3
PHIL 1,The Big Questions,3
PHIL 1H,The Big Questions -Honors,3
PHIL 2,Individuals in Society,3
PHIL 3,Ethical Life,3
PHIL 4,The Human Condition,3
PHIL 5,Film and Philosophy,3
PHIL 6,Literature and Philosophy,3
PHIL 7,Asian Philosophy,3
PHIL 8,Gender Matters,3
PHIL 9,"Race, Racism, and Diversity",3
PHIL 10,Critical Thinking,3
PHIL 10H,Critical Thinking,3
PHIL 10Z,Critical Thinking,3
PHIL 11,Science and Truth,3
PHIL 13,Nature and Environment,3
PHIL 14,Love and Sex,3
PHIL 14H,Love and Sex - Honors,3
PHIL 15,How to Live,3
PHIL 60N,Philosophy and 1960s Counterculture,3
PHIL 83,First-Year Seminar in Philosophy,3
PHIL 102,Existentialism,3
PHIL 103,Ethics,3
PHIL 103H,Honors Ethics,3
PHIL 103W,Ethics,3
PHIL 105,Philosophy of Law,3
PHIL 105H,Honors Philosophy of Law,3
PHIL 106,Business Ethics,3
PHIL 107,Philosophy of Technology,3
PHIL 108,Social and Political Philosophy,3
PHIL 108H,Honors Social and Political Philosophy,3
PHIL 108W,Social and Political Philosophy,3
PHIL 109,Aesthetics,3
PHIL 110,Philosophy of Science,3
PHIL 113,Philosophy of Literature,3
PHIL 114,Feminist Philosophy,3
PHIL 115,Philosophy and Education,3
PHIL 118,Environmental Philosophy,3
PHIL 119,Ethical Leadership,3
PHIL 120N,Knowing Right from Wrong,3
PHIL 122,Philosophy of History,3
PHIL 123,Media Ethics,3
PHIL 124,Philosophy of Religion,3
PHIL 125,Theories of Knowledge,3
PHIL 125W,Theories of Knowledge,3
PHIL 126,Metaphysics,3
PHIL 126W,Metaphysics,3
PHIL 127,Philosophy of Mind,3
PHIL 129,Philosophy of Language,3
PHIL 131N,BS: Identifying Bias and Falsehood,3
PHIL 132,Bioethics,3
PHIL 133N,Ethics of Climate Change,3
PHIL 134,"Food, Values, and Health",3
PHIL 135,Ethics in Jewish Tradition and Thought,3
PHIL 136N,Art and Philosophy in Ancient Greece,3
PHIL 137N,Introduction to Philosophy through Health and Sport,3
PHIL 139,Latino/a Philosophy,3
PHIL 200,Ancient Philosophy,3
PHIL 201,Medieval Philosophy,3
PHIL 202,Modern Philosophy: 1600-1800,3
PHIL 203,Nineteenth Century Philosophy,3
PHIL 204,Twentieth Century Philosophy,3
PHIL 205,American Philosophy: 1840-Present,3
PHIL 208,Contemporary Philosophy,3
PHIL 233Z,Ethics and the Design of Technology,3
PHIL 242N,Happiness and Well-Being,3
PLANT 129N,Chocolate Worlds,3
PLSC 7N,Contemporary Political Ideologies,3
PLSC 17N,Introduction to Political Theory,3
PLSC 17W,Introduction to Political Theory,3
PLSC 60N,Society and Cultures in Modern Israel,3
PLSC 111,Debating the Purpose of Government,3
PLSC 112N,"Ethics in Citizenship, Politics, and Government",3
PLSC 120N,"State, Society, and Public Policy",3
PLSC 183N,"The Cold War in Literature, Politics, and History",3
PLSC 200N,Government and Politics of Europe,3
PLSC 201N,Politics & Religion: Controversies Around the World,3
PLSC 210N,Rights in America,3
PLSC 210Q,Rights in America,3
PLSC 223N,Ethnic and Racial Politics,3
PLSC 267N,Government and Politics of the Middle East,3
PLSC 290N,Comparative Violence: Political and Criminological Perspectives,3
PORT 210N,Multilingual and Intercultural Communication,3
PSYCH 120N,Knowing Right from Wrong,3
PUBPL 120N,"State, Society, and Public Policy",3
RLST 1,Introduction to World Religions,3
RLST 3,Introduction to the Religions of the East,3
RLST 4,Jewish and Christian Foundations,3
RLST 12N,Lands of the Bible,3
RLST 44,Ancient Near Eastern and Egyptian Mythology,3
RLST 70,Prophecy in the Bible and the Ancient Near East,3
RLST 83,First-Year Seminar in Religious Studies,3
RLST 90,"Jerusalem: Past, Present, and Future",3
RLST 101,Comparative Religion,3
RLST 102,Canaan and Israel in Antiquity,3
RLST 103,Introduction to Hinduism,3
RLST 104,Introduction to Buddhism,3
RLST 105,Buddhism in the Western World,3
RLST 106,Mysticism and Kabbalah,3
RLST 107,Introduction to Islam,3
RLST 108,Myths and Mythologies,3
RLST 110,Introduction to the Bible: Old Testament,3
RLST 111,Early Judaism,3
RLST 113,Jewish Myths and Legends,3
RLST 114,Modern Judaism,3
RLST 115,The American Jewish Experience,3
RLST 116,Muslims in America,3
RLST 120,New Testament,3
RLST 121,Jesus the Jew,3
RLST 122,Apocalypse and Beyond,3
RLST 123,History of God: Origins of Monotheism,3
RLST 124,Early and Medieval Christianity,3
RLST 125W,Modern Christianity,3
RLST 129,Philosophy of Religion,3
RLST 130,The Ethics of Western Religion,3
RLST 131,Introduction to Bioethics,3
RLST 133N,Ethics of Climate Change,3
RLST 135,Ethics in Jewish Tradition and Thought,3
RLST 137,"Gender, Sexuality, and Religion",3
RLST 140Y,Religion in American Life and Thought,3
RLST 145,African Diaspora Religions and Spiritualities,3
RLST 146,"The Life and Thought of Martin Luther King, Jr.",3
RLST 147,The Life and Thought of Malcolm X,3
RLST 153,Dead Sea Scrolls,3
RLST 160,Sacrifice in the Ancient World,3
RLST 164,Introduction to the Qur'an,3
RLST 165,"Islamic States, Societies and Cultures c. 600-1500",3
RLST 181,Introduction to the Religions of China and Japan,3
RLST 194,Jerusalem: Sacred and Profane,3
RLST 280,Gendering the Divine in Indian and South Asian Religions,3
RLST 423,Orthodox Christianity: History and Interpretations,3
RSOC 400N,Exploring Indigenous Ways of Knowing in Great Lakes Region: Lecture,3
RUS 83,First-Year Seminar in Russian,3
RUS 100,Russian Culture and Civilization,3
RUS 101N,Russian Cinema,3
RUS 110,Russian Folklore,3
RUS 143,The Culture of Stalinism and Nazism,3
RUS 144,Multicultural Russia: Narratives of Race and Ethnicity in Russian Literature and Culture,3
RUS 145,PutinÂ¿s Russia and Its Protest Culture,3
SC 120N,"Plants, Places, and People",3
SC 125N,History of Infectious Disease and Epidemiology,3
SC 142N,Science in Literature,3
SC 183Q,From Beast Books to Resurrecting Dinosaurs,3
SC 205N,BS: Identifying Bias and Falsehood,3
SC 475N,"Anatomy in Italy: Cadavers, Culture, and Science",3
SLAV 147,East European Jewish History,3
SOC 60N,Society and Cultures in Modern Israel,3
SOC 103,Racism and Sexism,3
SOC 120N,Knowing Right from Wrong,3
SOC 145N,The Holocaust and Human Rights,3
SOC 162N,Communicating Care,3
SOC 180N,"State, Society, and Public Policy",3
SOC 205N,Critical Race Theory in the Humanities and Social Sciences,3
SPAN 83,First-Year Seminar in Hispanic Literatures and Cultures,3
SPAN 130,Iberian Civilization,3
SPAN 131,Ibero-American Civilization,3
SPAN 131Y,Ibero-American Civilization,3
SPAN 210N,Multilingual and Intercultural Communication,3
SPAN 230,Masterpieces of Spanish Literature in English Translation,3
SPAN 269N,Theater and Performance,3
SPAN 315N,Spanish and Spanish-speakers in the U.S.,3
SPAN 326,Reading the BorderLands: Geography and Identity Along the U.S.-Mexico Border,3
SPAN 479,U.S. Latina/o Culture en Espanol,3
SSED 100N,Foundations of History and Social Studies Concepts for K-8 Teachers,3
STS 100,"Science, Technology, and Culture",3
STS 100H,The Ascent of Humanity,3
STS 101,"Modern Science, Technology, and Human values",3
STS 110N,Chemistry in World Wars I and II,3
STS 122,History of Science I,3
STS 123,History of Science II,3
STS 124,History of Western Medicine,3
STS 151N,Technology and Society in American History,3
STS 233Z,Ethics and the Design of Technology,3
STS 235,Science and Religion,3
SUST 242N,Issues in Sustainability,3
THEA 197Z,Special Topics - Linked Courses,3
THEA 206,Critical Theory for Performance,3
UKR 100,Ukrainian Culture and Civilization,3
WMNST 8,Gender Matters,3
WMNST 83N,First-Year Seminar in Women's Studies,3
WMNST 101H,The African American Woman,3
WMNST 101N,African American Women,3
WMNST 102,Women of the African Diaspora,3
WMNST 103,Racism and Sexism,3
WMNST 104,Women and the American Experience,3
WMNST 105N,Living in a Diverse World,3
WMNST 106N,"Representing Women and Gender in Literature, Art and Popular Cultures",3
WMNST 106Q,"Representing Women and Gender in Literature, Art and Popular Cultures",3
WMNST 116N,Family and Gender Roles in Modern History,3
WMNST 117,Women in United States History,3
WMNST 117H,Women in Modern History,3
WMNST 137,"Gender, Sexuality, and Religion",3
WMNST 166,History of Sexuality,3
WMNST 175N,"Fashion, Gender, and Identity",3
WMNST 194,Women Writers,3
WMNST 202N,"Women, Gender, and Feminisms in Africa",3
WMNST 213Y,African American Women's History,3
WMNST 225N,Sexuality and Modern Visual Culture,3
WMNST 227,Introduction to Queer Theory,3
WMNST 240Q,Artistic Patronage in Europe,3
WMNST 245,Introduction to LGBTQ Studies,3
WMNST 266Y,Sexuality and Violence in Nineteenth-Century America,3
WMNST 280,Gendering the Divine in Indian and South Asian Religions,3
WMNST 297I,Special Topics - InterDomain,3
WMNST 300,Latinx Gender and Sexuality Studies,3
WMNST 301N,"Sexualities, Gender and Power: Feminist Thought and Politics",3
WMNST 364N,Black & White Sexuality,3
WMNST 400N,Debates in Contemporary Feminism,3
,,
AEE 204N,Science Literacy and Policy in the 21st Century,3
AERSP 55,Space Science and Technology,3
AFR 105,African Biodiversity and Conservation,3
AG 180N,"Contemporary Issues in Food, Ag, Natural Resources, and Human Sciences",3
AGECO 121,Plant Stress: It's Not Easy Being Green,3
AGECO 121H,Plant Stress: It's Not Easy Being Green,3
AGECO 122,Atmospheric Environment: Growing in the Wind,3
AGECO 134N,Sustainable Agriculture Science and Policy,3
AGECO 144,Principles and Practices of Organic Agriculture,3
ANSC 100,Introduction to Animal Industries,3
ANSC 107,Introduction to Equine Science and the Equine Industry,3
ANSC 300,Integrated Animal Biology,3
ANSC 332N,Science and policy of global greenhouse gas emissions and management,3
ANSC 447,Equine Exercise Physiology,3
ANTH 21,Introductory Biological Anthropology,3
ANTH 22,Humans as Primates,3
ANTH 40Q,Biocultural Evolution,3
ANTH 100N,Anthropology of Race and Racism,3
ANTH 129N,Chocolate Worlds,3
ANTH 150N,Human Nature: The Science of Extreme Altruism and Violence,3
ANTH 150Q,Human Nature: The Science of Extreme Altruism and Violence,3
ANTH 210N,"Anthropology, Ancestry, and You",3
ANTH 215,"Skin: Evolution, Biology and Culture",3
ANTH 216N,Sex and Evolution,3
ANTH 218,"Genes, Evolution and Behavior",4
ANTH 219N,Spillover: The Anthropology of Emerging Infectious Diseases,3
ANTH 240N,Livelihoods and Ecosystems: Anthropological Approaches to Human-Environment Interaction,3
ANTH 260,Building the Human Animal,3
ANTH 375Q,Anthropology of Food Honors,3
ARCH 170N,Introduction to Sustainable Architecture,3
ART 51N,Meteorology and Visual Arts: To Know is to See,3
ART 160N,"STEAM: Connecting Art to Science, Technology, Engineering and Mathematics",3
ART 170N,Plant and Microbial Art,3
ARTH 107N,"Rocks, Minerals, and the History of Art",3
ASTRO 1,Astronomical Universe,3
ASTRO 1H,Astronomical Universe,3
ASTRO 5,The Sky and Planets,3
ASTRO 6,"Stars, Galaxies, and the Universe",3
ASTRO 7N,The Artistic Universe,3
ASTRO 10,Elementary Astronomy,2
ASTRO 11,Elementary Astronomy Laboratory,1
ASTRO 19N,Being in the Universe,3
ASTRO 120,The Big Bang Universe,3
ASTRO 130,Black Holes in the Universe,3
ASTRO 140,Life in the Universe,3
ASTRO 141N,Film and Extraterrestrial Life: Science Fact or Fiction?,3
ASTRO 291,Astronomical Methods and the Solar System,3
ASTRO 292,Astronomy of the Distant Universe,3
ASTRO 320,Observational Astronomy Laboratory,3
BIOL 11,Introductory Biology I,3
BIOL 12,Introductory Biology II,1
BIOL 110,Biology: Basic Concepts and Biodiversity,4
BIOL 110H,Honors Biology: Basic Concepts and Biodiversity,4
BIOL 110S,Biology: Basic Concepts and Biodiversity,4
BIOL 127,Introduction to Plant Biology,3
BIOL 129,Mammalian Anatomy,4
BIOL 133,Genetics and Evolution of the Human Species,3
BIOL 141,Introduction to Human Physiology,3
BIOL 144,Climate Change: Biological Impacts,3
BIOL 144Z,Climate Change: Biological Impacts - Linked,3
BIOL 155,Introduction to the Biology of Aging,3
BIOL 160N,Fitness with Exercise Physiology,3
BIOL 161,Human Anatomy and Physiology I - Lecture,3
BIOL 162,Human Anatomy and Physiology I - Laboratory,1
BIOL 163,Human Anatomy and Physiology II - Lecture,3
BIOL 164,Human Anatomy and Physiology II - Laboratory,1
BIOL 169N,What it means to be human,3
BIOL 177,Biology of Sex,3
BIOL 197E,*Special Topics Inter-Domain*,3
BIOL 220M,Honors Biology: Populations and Communities,4
BIOL 220W,Biology: Populations and Communities,4
BIOL 230M,Honors Biology: Molecules and Cells,4
BIOL 230W,Biology: Molecules and Cells,4
BIOL 240M,Honors Biology: Function and Development of Organisms,4
BIOL 240W,Biology: Function and Development of Organisms,4
BISC 1,Structure and Function of Organisms,3
BISC 2,"Genetics, Ecology, and Evolution",3
BISC 3,Environmental Science,3
BISC 4,Human Body: Form and Function,3
BMB 1,The Science of Sickness,3
BMB 1Z,The Science of Sickness - Linked,3
CHEM 1,Molecular Science,3
CHEM 3,Molecular Science With Laboratory,3
CHEM 5,Kitchen Chemistry,3
CHEM 106,Introductory and General Chemistry,5
CHEM 110,Chemical Principles I,3
CHEM 110H,Chemical Principles I - Honors,3
CHEM 111,Experimental Chemistry I,1
CHEM 112,Chemical Principles II,3
CHEM 112H,Chemical Principles II - Honors,3
CHEM 113,Experimental Chemistry II,1
CHEM 113B,Experimental Chemistry II--Bioscience,1
CHEM 130,"Introduction to General, Organic, and Biochemistry",3
CHEM 233N,Chemistry and Literature,3
CMLIT 19N,Being in the Universe,3
CMLIT 183Q,From Beast Books to Resurrecting Dinosaurs,3
COMM 151N,Film and Extraterrestrial Life: Science Fact or Fiction?,3
DANCE 370,Anatomy and Physiology for Performers,3
DANCE 370H,Anatomy for Performers,3
DANCE 370Z,Anatomy and Physiology for Performers,3
EARTH 2,The Earth System and Global Change,3
EARTH 10,Energy and Earth's Climate,1
EARTH 100,Environment Earth,3
EARTH 100H,Environment Earth: Environment and Energy,3
EARTH 101,Natural Disasters: Hollywood vs. Reality,3
EARTH 103N,Earth in the Future: Predicting Climate Change and Its Impacts Over the Next Century,3
EARTH 104N,"Climate, Energy and Our Future",3
EARTH 105N,Environments of Africa: Geology and Climate Change,3
EARTH 106,"The African Continent: Earthquakes, Tectonics and Geology",3
EARTH 107N,"Coastal Processes, Hazards and Society",3
EARTH 109,The Fundamentals of Shale Energy Development,3
EARTH 111N,Water: Science and Society,3
EARTH 150,Dinosaur Extinctions and Other Controversies,3
EARTH 155N,Scientific Controversies and Public Debate,3
EARTH 200N,Earth Systems Through a Soc & Envir Justice Lens,3
EARTH 240,Coral Reef Systems,4
EGEE 101,Energy and the Environment,3
EGEE 101A,Energy and the Environment,3
EGEE 101H,Energy and the Environment,3
EGEE 102,Energy Conservation for Environmental Protection,3
EGEE 102H,Energy Conservation for Environmental Protection,3
EGEE 110N,Environmental Health and Safety Science,3
EGEE 210,Technological Legacy of Pennsylvania Coal,3
EMSC 121,Minerals and Modern Society,3
EMSC 150,Out of the Fiery Furnace,3
EMSC 240N,Energy and Sustainability in Contemporary Culture,3
ENGL 142N,Science in Literature,3
ENGL 163N,Defining the Animal,3
ENGL 233N,Chemistry and Literature,3
ENGR 115N,"Science, Humanity and Catastrophe: Scientific Discovery in Germany",3
ENGR 120N,Design Thinking and 3D Printing in Engineering and Healthcare,3
ENGR 197E,Special Topics GN/GH,3
ENT 202N,"Insect Connections: Insects, Globalization and Sustainability",3
ENT 216N,Plagues Through the Ages,3
ENT 222N,Honey Bees and Humans,3
ENVST 100N,Visions of Nature,3
ERM 210,Environmental Factors and Their Effect on Your Food Supply,3
FDSC 223,Understanding Science Through Wine Beer and Bread,3
FOR 201,Global Change and Ecosystems,3
FRNSC 100,Introduction to Forensic Science,3
FRNSC 100Z,Introduction to Forensic Science,3
FRNSC 200,Introduction to Crime Scene Investigation,3
GAME 180N,The Art and Science of Virtual Worlds,3
GEOG 1N,Global Parks and Sustainability,3
GEOG 3N,Food and the Future Environment,3
GEOG 4,Earth and Environmental Systems Geography,3
GEOG 6N,Maps and the Geospatial Revolution,3
GEOG 10,Physical Geography: An Introduction,3
GEOG 10H,Physical Geography: An Introduction,3
GEOG 30N,Environment and Society in a Changing World,3
GEOG 107N,Immersive Technologies - Transforming Society Through Digital Innovation,3
GEOG 110,Climates of the World,3
GEOG 115,Landforms of the World,3
GEOG 210,Geographic Perspectives on Environmental Systems Science,3
GEOG 314,Biogeography and Global Ecology,3
GEOG 315,Landforms and Geomorphic Systems in the Anthropocene,3
GEOG 330N,Political Ecology,3
GEOG 332N,Science and policy of global greenhouse gas emissions and management,3
GEOSC 2,Historical Geology,3
GEOSC 10,Geology of the National Parks,3
GEOSC 20,Planet Earth,3
GEOSC 20H,Planet Earth,3
GEOSC 20L,Planet Earth,3
GEOSC 21,Earth and Life: Origin and Evolution,3
GEOSC 30,Volcanoes,3
GEOSC 40,The Sea Around Us,3
GEOSC 40H,The Sea Around Us,3
GEOSC 107N,"Rocks, Minerals, and the History of Art",3
GEOSC 109H,Earthquakes and Society,3
GEOSC 110H,The Science of Gemstones,3
GEOSC 111,Forensic Geoscience,3
GEOSC 212N,Earthquakes and Human History,3
GER 115N,"Science, Humanity and Catastrophe: Scientific Discovery in Germany",3
GER 197E,Special Topics GN/GH,3
HHD 200N,Addiction Science to Society,3
HIST 6N,History and Weather: How Weather Played an Instrumental Role in Great World Events,3
HIST 125N,History of Infectious Disease and Epidemiology,3
HIST 128N,Cultural Perspectives on Mathematics,3
HIST 129N,Chocolate Worlds,3
HIST 212N,Earthquakes and Human History,3
HORT 101,Horticultural Science,3
HORT 150N,Plants in the Human Context,3
HORT 169N,"Fundamentals of Home Landscaping: An Introduction to Design, Construction, and Maintenance",3
INART 50,The Science of Music,3
INART 50Z,The Science of Music,3
INART 197Q,Special Topics - InterDomain,3
INTAG 100N,"Everyone Eats: Hunger, Food Security & Global Agriculture",3
KINES 160N,Fitness with Exercise Physiology,3
MATSE 81,Materials in Today's World,3
MATSE 101,Energy and the Environment,3
MATSE 101A,Energy and the Environment,3
MATSE 112,Applied Materials Chemistry for Engineers,3
METEO 2,Our Changing Atmosphere: Personal and Societal Consequences,3
METEO 3,Weather Revealed: Introductory Meteorology,3
METEO 4,Weather and Risk,3
METEO 5,Severe and Unusual Weather,3
METEO 6N,History and Weather: How Weather Played an Instrumental Role in Great World Events,3
METEO 7,"An Introduction to Climate Sciences: Climate change, Variability, and Society",3
METEO 51N,Meteorology and Visual Arts: To Know is to See,3
METEO 101,Understanding Weather Forecasting,3
METEO 122,Atmospheric Environment: Growing in the Wind,3
METEO 133N,Ethics of Climate Change,3
METEO 332N,Science and policy of global greenhouse gas emissions and management,3
MICRB 106,Elementary Microbiology,3
MICRB 106H,Elementary Microbiology,3
MICRB 107,Elementary Microbiology Laboratory,1
NURS 325N,Health and Environmental Sustainability,3
PHIL 131N,BS: Identifying Bias and Falsehood,3
PHIL 133N,Ethics of Climate Change,3
PHOTO 321N,Flow Visualization: The Art and Physics of Fluid Motion,3
PHYS 1,The Science of Physics,3
PHYS 1H,The Science of Physics,3
PHYS 10,Physics Behind the Headlines,3
PHYS 150,Technical Physics I,3
PHYS 151,Technical Physics II,3
PHYS 211,General Physics: Mechanics,4
PHYS 211H,General Physics: Mechanics,4
PHYS 212,General Physics: Electricity and Magnetism,4
PHYS 212H,General Physics: Electricity and Magnetism,4
PHYS 213,General Physics: Fluids and Thermal Physics,2
PHYS 214,General Physics: Wave Motion and Quantum Physics,2
PHYS 250,Introductory Physics I,4
PHYS 250H,Introductory Physics I,4
PHYS 251,Introductory Physics II,4
PLANT 129N,Chocolate Worlds,3
PLANT 200,"Introduction to Agricultural Crop Growth, Form, and Function",3
PLANT 220,Gardening for Fun and Profit,3
PLANT 240,"Fundamentals of Cannabis: An Introduction to the Botany, Cultivation, and Harvesting of Hemp",3
PPEM 120,The Fungal Jungle: A Mycological Safari From Truffles to Slime Molds,3
PPEM 170N,Plant and Microbial Art,3
PPEM 300,Horticultural Crop Diseases,3
PSYCH 150N,Human Nature: The Science of Extreme Altruism and Violence,3
PSYCH 150Q,Human Nature: The Science of Extreme Altruism and Violence,3
PSYCH 169N,What it means to be human,3
PSYCH 217N,The Science of Human Resilience,3
PSYCH 263N,Science of Learning,3
RLST 133N,Ethics of Climate Change,3
SC 60N,Art in the Natural World,3
SC 103N,When Data Meets Design,3
SC 120N,"Plants, Places, and People",3
SC 125N,History of Infectious Disease and Epidemiology,3
SC 135N,Society and Disease Management,3
SC 142N,Science in Literature,3
SC 145N,The Visual Body,3
SC 183Q,From Beast Books to Resurrecting Dinosaurs,3
SC 197Q,Special Topics - InterDomain,3
SC 200,Science in Our World: Certainty and Controversy,3
SC 205N,BS: Identifying Bias and Falsehood,3
SC 290,Renewable Energy in Costa Rica,3
SC 475N,"Anatomy in Italy: Cadavers, Culture, and Science",3
SOILS 71,Environmental Sustainability,3
SOILS 101,Introductory Soil Science,3
STS 55,Space Science and Technology,3
STS 110N,Chemistry in World Wars I and II,3
STS 150,Out of the Fiery Furnace,3
STS 201,"Climate Change, Energy, and Biodiversity",3
SUST 150N,The Science of Sustainable Development,3
SUST 325N,Health and Environmental Sustainability,3
VBSC 211,The Immune System and Disease,3
WFS 209H,Wildlife and Fisheries Conservation,3
WFS 209N,Wildlife and Fisheries Conservation,3
,,
AGBM 106,Agribusiness Problem Solving,3
CMPSC 101,Introduction to Programming,3
CMPSC 121,Introduction to Programming Techniques,3
CMPSC 200,Programming for Engineers with MATLAB,3
CMPSC 201,Programming for Engineers with C++,3
CMPSC 203,Introduction to Spreadsheets and Databases,4
CMPSC 208,Technical Game Development,3
CRIMJ 260,Statistical Analysis for the Social Sciences,3
DA 101,Introduction to Data Analytics,3
EDPSY 101,Analysis and Interpretation of Statistical Data in Education,3
GAME 250,Technical Game Development,3
GAME 251,2D Game Programming,3
GEOSC 210,Geoscience Data Analytics,3
HDFS 200,Quantitative Skills for Human Services,3
HM 350,Hospitality Revenue and Profit Optimization,3
KINES 384,Biomechanics,3
MATH 21,College Algebra I,3
MATH 22,College Algebra II and Analytic Geometry,3
MATH 26,Plane Trigonometry,3
MATH 26H,Plane Trigonometry,3
MATH 30,Problem Solving,3
MATH 33,Mathematics for Sustainability,3
MATH 34,The Mathematics of Money,3
MATH 35,General View of Mathematics,3
MATH 36,Insights Into Mathematics,3
MATH 37,Finite Mathematics,3
MATH 38,Elementary Linear Algebra,3
MATH 40,"Algebra, Trigonometry, and Analytic Geometry",5
MATH 81,Technical Mathematics I,3
MATH 82,Technical Mathematics II,3
MATH 83,Technical Calculus,4
MATH 110,Techniques of Calculus I,4
MATH 111,Techniques of Calculus II,2
MATH 140,Calculus With Analytic Geometry I,4
MATH 140A,"Calculus, Analytic Geometry, Algebra, and Trigonometry",6
MATH 140B,Calculus and Biology I,4
MATH 140E,Calculus with Engineering Applications I,4
MATH 140G,Calculus with Earth and Mineral Sciences Applications I,4
MATH 140H,Honors Calculus with Analytic Geometry I,4
MATH 141,Calculus with Analytic Geometry II,4
MATH 141B,Calculus and Biology II,4
MATH 141E,Calculus with Engineering Applications II,4
MATH 141G,Calculus with Earth and Mineral Sciences Applications II,4
MATH 141H,Honors Calculus with Analytic Geometry II,4
MATH 200,Problem Solving in Mathematics,3
MATH 200H,Problem Solving in Mathematics,3
MATH 201,Problem Solving in Mathematics II,3
MATH 210,Calculus with Engineering Technology Applications,3
MATH 211,Intermediate Calculus and Differential Equations with Applications,3
MIS 204,Introduction to Management Information Systems,3
PHIL 12,Symbolic Logic,3
PSYCH 200,Elementary Statistics in Psychology,4
SCM 200,Introduction to Statistics for Business,4
SCM 200H,Honors Introduction to Statistics for Business,4
STAT 100,Statistical Concepts and Reasoning,3
STAT 200,Elementary Statistics,4
STAT 240,Introduction to Biometry,3
STAT 250,Introduction to Biostatistics,3
,,
AA 120N,Introduction to Art Therapy,3
AA 160N,The Virtual Transformational Leadership Development Experience,3
AAS 100N,Introduction to Asian American Studies,3
ADTED 300,Social Movements and Education: Global Perspectives,3
AED 355Q,Show Me Where it Hurts: Healthcare and Creative Inquiry,3
AEE 201,Interpersonal Skills for Tomorrow's Leaders,3
AEE 204N,Science Literacy and Policy in the 21st Century,3
AFAM S97I,Special Topics - InterDomain,3
AFAM 100N,Black Freedom Struggles,3
AFAM 101N,African American Women,3
AFAM 105N,Afro-Latin America: Race and Revolution,3
AFAM 110N,Introduction to African American Studies,3
AFAM 111N,Introduction to Anti-Black racism in the United States: The African American Experience,3
AFAM 114N,"Race, Gender and Sport",3
AFAM 136,"Race, Gender, and Employment",3
AFAM 136Y,"Race, Gender, and Employment",3
AFAM 207N,Jazz and the African American Experience,3
AFAM 303,Race and Gender in the Americas: Latin American and Caribbean Cultures,3
AFAM 364N,Black & White Sexuality,3
AFAM 435N,Black Ecologies,3
AFR 110N,Introduction to Contemporary Africa,3
AFR 202N,"Women, Gender, and Feminisms in Africa",3
AFR 205,Development and Sustainability in Africa,3
AFR 209,Poverty in Africa,3
AFR 230N,Language and Social Justice,3
AFR 234,"Environment, Climate Change and Resilience in Africa",3
AFR 435N,Black Ecologies,3
AGBM 101,Economic Principles of Agribusiness Decision Making,3
AGBM 170,Investigating the U.S. Food System: How food moves from field to table,3
AGBM 170Z,Investigating the U.S. Food System: How food moves from field to table -LINKED,3
AGECO 134N,Sustainable Agriculture Science and Policy,3
AIR 252,The Evolution of USAF Air and Space Power II,2
AIR 451,"National Security, Leadership Responsibilities, and Commissioning Preparation I",3
AMST 106N,The Mass Media and Society,3
AMST 151N,Technology and Society in American History,3
AMST 160N,Introduction to Asian American Studies,3
AMST 161N,"Chinese in America, Americans in China",3
AMST 170N,Introduction to American Folklore,3
ANSC 215,Pets in Society,3
ANSC 332N,Science and policy of global greenhouse gas emissions and management,3
ANTH 1,Understanding Humans,3
ANTH 2N,World Archaeology,3
ANTH 8,"Aztec, Inca, Maya",3
ANTH 9N,Rise of Civilization in the Old World,3
ANTH 11,North American Archaeology,3
ANTH 40Q,Biocultural Evolution,3
ANTH 45N,Cultural Diversity: A Global Perspective,3
ANTH 45Q,Cultural Diversity: A Global Perspective,3
ANTH 60N,Society and Cultures in Modern Israel,3
ANTH 83S,First-Year Seminar in Anthropology,3
ANTH 100N,Anthropology of Race and Racism,3
ANTH 120,First Farmers,3
ANTH 140,Anthropology of Alcohol,3
ANTH 146,Indigenous North America,3
ANTH 150N,Human Nature: The Science of Extreme Altruism and Violence,3
ANTH 150Q,Human Nature: The Science of Extreme Altruism and Violence,3
ANTH 176,Sex and Gender: A biosocial and comparative perspective,3
ANTH 210N,"Anthropology, Ancestry, and You",3
ANTH 216N,Sex and Evolution,3
ANTH 219N,Spillover: The Anthropology of Emerging Infectious Diseases,3
ANTH 221N,Ancient Maya: Sacred Blood & Conjured Serpent,3
ANTH 222,Archaeology of Domesticated Animals,3
ANTH 223N,European Prehistory,3
ANTH 240N,Livelihoods and Ecosystems: Anthropological Approaches to Human-Environment Interaction,3
ANTH 303,Race and Gender in the Americas: Latin American and Caribbean Cultures,3
ANTH 375Q,Anthropology of Food Honors,3
ANTH 430,Ancient Brews,3
ANTH 434N,Black Ecologies,3
APLNG 83,First-Year Seminar in Applied Linguistics: Language as Social Practice,3
APLNG 220N,Multilingual Lives: Stories of Language and Culture Learning,3
APLNG 230N,Language and Social Justice,3
APLNG 260,LANGUAGE AND TECHNOLOGY,3
APLNG 280N,Conducting International Comparative Research,3
ART 175N,Intersections Between Art and Psychology,3
ART 207N,"LGBTQ+ Identity, Culture and The Arts",3
ARTH 105N,Pictures and Power,3
ARTH 222N,Intersections between Art History and the History of Psychology,3
ARTH 222Q,Intersections between Art History and the History of Psychology,3
ASIA 101N,Sports in Asia,3
AYFCE 211N,Foundations: Civic and Community Engagement,3
AYFCE 211S,Foundations: Civic and Community Engagement,3
AYFCE 270,Consumer and Financial Skills,3
BA 100,Introduction to Business,3
BA 100S,Introduction to Business,3
BBH 150N,Safe and Sound: The Intersection of Criminal Justice and Public Health,3
BBH 201N,Health and the Media,3
BIOET 110N,"Health, Illness, and the Human Condition",3
BIOET 220N,"Ethics, Society, and Science Fiction",3
BIOET 401Q,"Science, Ethics, Policy, and Law",3
BIOL 169N,What it means to be human,3
CAMS 12N,Lands of the Bible,3
CAS 83,First-Year Seminar in Communication Arts and Sciences,3
CAS 101N,Introduction to Human Communication,3
CAS 162N,Communicating Care,3
CAS 170N,What is Information?,3
CAS 175N,Persuasion and Propaganda,3
CAS 182N,Communication and Sport,3
CAS 203,Interpersonal Communication,3
CAS 208N,Introduction to Managing Conflict and Bargaining,3
CAS 220,Persuasion,3
CAS 222N,Foundations: Civic and Community Engagement,3
CAS 232N,"Identity, Citizenship, and the Rhetoric of American Horror Film",3
CAS 250,Small Group Communication,3
CAS 252,Business and Professional Communication,3
CAS 253,Health Communication,3
CAS 271N,Intercultural Communication,3
CAS 272N,Political Communication and Technology,3
CAS 283,Communication and Information Technology I,3
CAS 303,Communication Theory,3
CAS 303H,Introduction to Communication Theory- Honors,3
CAS 304,Quantitative Methods for Communication Research,3
CAS 304H,Communication Research Methods (Honors),3
CAS 383N,Culture and Technology,3
CAS 390,Qualitative Research Methods,3
CAS 403,Interpersonal Communication Theory and Research,3
CAS 404,Conflict Resolution and Negotiation,3
CAS 452,Organizational Communication Theory and Research,3
CAS 452W,Organizational Communication Theory and Research,3
CC 200,Introduction to Corporate Communication,3
CED 102N,"Wicked Problems Like Inequality, Sustainability & Climate Change: What's the Right Thing to Do?",3
CED 109N,Gentrification in Everyday Life,3
CED 152,Community Development Concepts and Practice,3
CED 155,"Science, Technology and Public Policy",3
CED 400N,Exploring Indigenous Ways of Knowing in Great Lakes Region: Lecture,3
CI 185,Principles of Social Justice in Education,3
CI 304N,"Food, Farms & Justice: What's Education Got To Do With Them?",3
CIVCM 211N,Foundations: Civic and Community Engagement,3
CMAS 258N,Introduction to Child Maltreatment and Advocacy Studies,3
CMLIT 133N,Global Satire and Modern Politics,3
COMM 20N,Critical Media Literacy,3
COMM 100N,The Mass Media and Society,3
COMM 101N,Understanding and Enhancing Creativity,3
COMM 118,Introduction to Media Effects,3
COMM 175N,Mental Illness and the Movies,3
COMM 180,Survey of Electronic Media and Telecommunications,3
COMM 190,Gaming and Interactive Media,3
COMM 205,"Gender, Diversity and the Media",3
COMM 208N,Visual Representations of the Middle East in the US and Middle East,3
COMM 234N,Digital Cultures,3
COMM 290N,Cinema and Globalization,3
CRIM 12,Criminology,3
CRIM 12H,Honors Criminology,3
CRIM 100,Introduction to Criminal Justice,3
CRIM 201,Presumed Innocent? Social Science of Wrongful Conviction,3
CRIM 225N,Organized Crime in Film and Society,3
CRIM 297I,Special Topics - InterDomain,3
CRIMJ 12,Criminology,3
CRIMJ 12H,Honors Criminology,3
CRIMJ 13,Juvenile Delinquency,3
CRIMJ 100,Introduction to Criminal Justice,3
CRIMJ 150N,Safe and Sound: The Intersection of Criminal Justice and Public Health,3
CRIMJ 205N,Critical Race Theory in the Humanities and Social Sciences,3
CSD 240,Supporting Communication Through The Performing Arts,3
CSD 269,Deaf Culture,3
EARTH 103N,Earth in the Future: Predicting Climate Change and Its Impacts Over the Next Century,3
EARTH 104N,"Climate, Energy and Our Future",3
EARTH 105N,Environments of Africa: Geology and Climate Change,3
EARTH 107N,"Coastal Processes, Hazards and Society",3
EARTH 111N,Water: Science and Society,3
EARTH 200N,Earth Systems Through a Soc & Envir Justice Lens,3
EBF 200,Introduction to Energy and Earth Sciences Economics,3
ECON 14,Principles of Economics,3
ECON 102,Introductory Microeconomic Analysis and Policy,3
ECON 102H,Introductory Microeconomic Analysis and Policy (Honors),3
ECON 104,Introductory Macroeconomic Analysis and Policy,3
ECON 104H,Introductory Macroeconomic Analysis and Policy (Honors),3
ECON 302,Intermediate Microeconomic Analysis,3
ECON 302H,Intermediate Microeconomic Analysis (Honors),3
ECON 304,Intermediate Macroeconomic Analysis,3
ECON 304H,Intermediate Macroeconomic Analysis (Honors),3
ECON 315,Labor Economics,3
ECON 323,Public Finance,3
ECON 333,International Economics,3
ECON 342,Industrial Organization,3
ECON 472N,Russian Economic History,3
EDPSY 10,Individual Differences and Education,3
EDPSY 11,Educational Implications of Individual Differences in Childhood,3
EDPSY 14,Learning and Instruction,3
EDTHP 115,Education in American Society,3
EDTHP 115A,Competing Rights: Issues in American Education,3
EDTHP 115S,Competing Rights: Issues in American Education,3
EDTHP 200,Educational Reform and Public Policy,3
EDTHP 220,"Children, Parents and Schools",3
EDTHP 426,Economic Foundations of Education Policy,3
EDUC 205N,Critical Race Theory in the Humanities and Social Sciences,3
EDUC 466N,Foundations of Teaching English as a Second Language,3
EGEE 110N,Environmental Health and Safety Science,3
EGEE 120,Oil: International Evolution,3
EGEE 211,Social Legacy of Pennsylvania Coal,3
ENGL 162N,Communicating Care,3
ENGL 165N,Work and Literature,3
ENGL 170N,Introduction to American Folklore,3
ENGL 183N,"The Cold War in Literature, Politics, and History",3
ENGL 236N,"Inequality: Economics, Philosophy, Literature",3
ENGR 118,Impact of Culture on Engineering in China,3
ENGR 320Y,Design for Global Society,3
ENGR 467Q,Robots and Their Role in Society,3
ENT 202N,"Insect Connections: Insects, Globalization and Sustainability",3
ENT 222N,Honey Bees and Humans,3
ESC 220N,"Ethics, Society, and Science Fiction",3
GAME 140,Gaming and Interactive Media,3
GAME 140,Gaming and Interactive Media,3
GEOG 1N,Global Parks and Sustainability,3
GEOG 2N,Apocalyptic Geographies: How can we prevent the end of the world?,3
GEOG 3N,Food and the Future Environment,3
GEOG 6N,Maps and the Geospatial Revolution,3
GEOG 20,Human Geography: An Introduction,3
GEOG 20U,Human Geography: An Introduction,3
GEOG 30N,Environment and Society in a Changing World,3
GEOG 40,World Regional Geography,3
GEOG 107N,Immersive Technologies - Transforming Society Through Digital Innovation,3
GEOG 123,Geography of Developing World,3
GEOG 124,Elements of Cultural Geography,3
GEOG 124H,Elements of Cultural Geography,3
GEOG 126,Economic Geography,3
GEOG 128,Geography of International Affairs,3
GEOG 160,Mapping Our Changing World,3
GEOG 220,Perspectives on Human Geography,3
GEOG 260,Geographic Information in a Changing World: Introduction to GIScience,3
GEOG 324,"Place, Space and Culture",3
GEOG 326,Geographic Perspectives on Economic Systems,3
GEOG 330N,Political Ecology,3
GEOG 332N,Science and policy of global greenhouse gas emissions and management,3
GER 157N,The Amish,3
GER 200N,Contemporary German Culture,3
GLIS 101N,Globalization,3
GLIS 102N,Global Pathways,3
HDFS 101N,Helping People: Introduction to Understanding Social Problems & How to Help,3
HDFS 101S,"""Helping People:"" Introduction to Understanding Social Problems & How to Help",3
HDFS 108N,Art and Science of Human Flourishing,3
HDFS 129,Introduction to Human Development and Family Studies,3
HDFS 129S,Introduction to Human Development and Family Studies,3
HDFS 175N,Introduction to Youth Development and Arts-based Social Justice,3
HDFS 229,Infant and Child Development,3
HDFS 229H,Infant and Child Development,3
HDFS 239,Adolescent Development,3
HDFS 249N,Adult Development and Aging,3
HDFS 254N,Reading Our Lives: Understanding Diversity and Human Development through Memoirs,3
HDFS 258N,Introduction to Child Maltreatment and Advocacy Studies,3
HDFS 287W,Intercultural Community-Building,3
HDFS 287Y,Intercultural Community-Building,3
HDFS 345,CONTEMPORARY URBAN ISSUES AND SOCIAL JUSTICE FRAMEWORKS,3
HHD 200N,Addiction Science to Society,3
HHD 245N,"Health, humanity, and longevity: Conversations with elders",3
HHD 497I,Intergenerational Communication,3
HHUM 220N,"Ethics, Society, and Science Fiction",3
HIST 114N,Historical Perspectives on HealthCare Innovations,3
HIST 116H,Family and Sex Roles in Modern History,3
HIST 116N,Family and Gender Roles in Modern History,3
HIST 120N,History of Modern Europe since 1789,3
HIST 142N,History of Communism,3
HIST 143N,History of Fascism and Nazism,3
HIST 145N,The Holocaust and Human Rights,3
HIST 151N,Technology and Society in American History,3
HIST 203N,"History of Monsters, Aliens & the Supernatural",3
HIST 238N,Society and Culture in Palestine/Israel,3
HIST 402N,Russian Economic History,3
HM 101,Exploring the Global Hospitality Industry,3
HM 210N,The Impact of Culture and Customs in Global Hospitality Environments,3
HM 265,Teams and Leadership in the Hospitality Industry,3
HORT 150N,Plants in the Human Context,3
INTAG 100N,"Everyone Eats: Hunger, Food Security & Global Agriculture",3
INTST 100,Introduction to International Studies,3
IST 110,"Information, People and Technology",3
IST 144N,Invasion of Technology from a 21st Century Perspective,3
IST 170N,What is Information?,3
IST 222H,Community Informatics,3
IST 234N,Digital Cultures,3
IT 210N,Multilingual and Intercultural Communication,3
IT 225N,Organized Crime in Film and Society,3
JST 12N,Lands of the Bible,3
JST 60N,Society and Cultures in Modern Israel,3
JST 143N,History of Fascism and Nazism,3
KINES 222N,Science and Politics of the Female Athlete,3
LA 135N,"College, Work, and Citizenship in the 21st Century",3
LDT 100,World Technologies and Learning,3
LDT 110N,Making with Art and Learning Technologies,3
LDT 215,Creating Designs for Learning,3
LHR 83S,First-Year Seminar in Labor and Human Resources,3
LHR 100,Exploring Work and Employment,3
LHR 136,"Race, Gender, and Employment",3
LHR 136Y,"Race, Gender, and Employment",3
LHR 160N,The Virtual Transformational Leadership Development Experience,3
LHR 165N,Work and Literature,3
LHR 201,Employment Relationship: Law and Policy,3
LHR 202,Understanding Employee Behavior,3
LHR 305,Human Resources Fundamentals,3
LING 1,The Study of Language,3
LING 100,Foundations of Linguistics,3
LTNST 315N,Spanish and Spanish-speakers in the U.S.,3
METEO 332N,Science and policy of global greenhouse gas emissions and management,3
MUSIC 207N,Jazz and the African American Experience,3
NURS 245,Violence and the Impact on Society,3
OLEAD 100,Introduction to Leadership,3
OLEAD 201,Organizational Theory and Functions for Leaders,3
OLEAD 210,Evidence-Based Leadership,3
OLEAD 220,"Emotional, Social, and Cultural Intelligences and the Implications for Leadership",3
PHIL 60N,Philosophy and 1960s Counterculture,3
PHIL 120N,Knowing Right from Wrong,3
PHIL 242N,Happiness and Well-Being,3
PLSC 1,"American Politics: Principles, Processes and Powers",3
PLSC 1H,"American Politics: Principles, Processes and Powers",3
PLSC 1S,"American Politics: Principles, Processes and Powers",3
PLSC 3,Comparing Politics around the Globe,3
PLSC 3H,Comparing Politics around the Globe,3
PLSC 7N,Contemporary Political Ideologies,3
PLSC 10,Scientific Study of Politics,3
PLSC 14,International Relations,3
PLSC 14H,International Relations Honors,3
PLSC 17N,Introduction to Political Theory,3
PLSC 17W,Introduction to Political Theory,3
PLSC 60N,Society and Cultures in Modern Israel,3
PLSC 83S,First-Year Seminar in Political Science,3
PLSC 90,Introduction to Security,3
PLSC 112N,"Ethics in Citizenship, Politics, and Government",3
PLSC 114Z,Winning Political Support Through Persuasion,3
PLSC 120N,"State, Society, and Public Policy",3
PLSC 132,The Politics of International Intolerance,3
PLSC 140,Contemporary Controversies in International Relations,3
PLSC 183N,"The Cold War in Literature, Politics, and History",3
PLSC 200N,Government and Politics of Europe,3
PLSC 201N,Politics & Religion: Controversies Around the World,3
PLSC 202,American Public Policy,3
PLSC 210N,Rights in America,3
PLSC 210Q,Rights in America,3
PLSC 220,Politics of the Developing World,3
PLSC 222N,Science and Politics of the Female Athlete,3
PLSC 223N,Ethnic and Racial Politics,3
PLSC 230,American Political Campaigns and Elections,3
PLSC 235,Environmental Politics,3
PLSC 267N,Government and Politics of the Middle East,3
PLSC 290N,Comparative Violence: Political and Criminological Perspectives,3
PLSC 291,Introduction to Peace and Conflict Studies,3
PORT 210N,Multilingual and Intercultural Communication,3
PSYCH 83S,First-Year Seminar in Psychology,3
PSYCH 100,Introductory Psychology,3
PSYCH 100H,Honors Introductory Psychology,3
PSYCH 100S,Introductory Psychology,3
PSYCH 109N,The Psychology of Artistic Creativity,3
PSYCH 120N,Knowing Right from Wrong,3
PSYCH 144Z,Climate Change: Individual Behaviors and Group Attitudes,3
PSYCH 150N,Human Nature: The Science of Extreme Altruism and Violence,3
PSYCH 150Q,Human Nature: The Science of Extreme Altruism and Violence,3
PSYCH 169N,What it means to be human,3
PSYCH 175N,Mental Illness and the Movies,3
PSYCH 212,Introduction to Developmental Psychology,3
PSYCH 217N,The Science of Human Resilience,3
PSYCH 221,Introduction to Social Psychology,3
PSYCH 230,Introduction to Psychologies of Religion,3
PSYCH 230H,Introduction to Psychologies of Religion,3
PSYCH 231,Introduction to the Psychology of Gender,3
PSYCH 232,Cross-Cultural Psychology,3
PSYCH 238,Introduction to Personality Psychology,3
PSYCH 243,Introduction to Well-being and Positive Psychology,3
PSYCH 244,Introduction to the Psychology of Human Factors Engineering,3
PSYCH 246N,Human Factors in Design & Art,3
PSYCH 253,Introduction to Psychology of Perception,3
PSYCH 256,Introduction to Cognitive Psychology,3
PSYCH 260A,Neurological Bases of Human Behavior,3
PSYCH 261,Introduction to Psychology of Learning,3
PSYCH 263N,Science of Learning,3
PSYCH 281,Introduction to Industrial-Organizational Psychology,3
PSYCH 297C,Special Topics - InterDomain,3
PUBPL 120N,"State, Society, and Public Policy",3
PUBPL 222N,Science and Politics of the Female Athlete,3
RHS 100,Introduction to Disability Culture,3
RLST 12N,Lands of the Bible,3
RPTM 120,Leisure and Human Behavior,3
RPTM 120S,Leisure and Human Behavior,3
RPTM 277,Inclusive Leisure Services,3
RSOC 11,Intro Rural Sociology,3
RSOC 400N,Exploring Indigenous Ways of Knowing in Great Lakes Region: Lecture,3
SC 135N,Society and Disease Management,3
SOC 1,Introductory Sociology,3
SOC 1S,Introductory Sociology,3
SOC 1W,Introductory Sociology,3
SOC 3,Introductory Social Psychology,3
SOC 3H,Honors Introduction to Social Psychology,3
SOC 5,Social Problems,3
SOC 5H,Social Problems,3
SOC 12,Criminology,3
SOC 12H,Honors Criminology,3
SOC 13,Juvenile Delinquency,3
SOC 13H,Juvenile Delinquency,3
SOC 15,Urban Sociology,3
SOC 19,Sociology of Popular Culture,3
SOC 20N,Critical Media Literacy,3
SOC 23,Population and Policy Issues,3
SOC 23H,Population and Policy Issues,3
SOC 30,Sociology of the Family,3
SOC 30H,Sociology of Family - Honors,3
SOC 60N,Society and Cultures in Modern Israel,3
SOC 83,First-Year Seminar in Sociology,3
SOC 110,Sociology of Gender,3
SOC 120N,Knowing Right from Wrong,3
SOC 145N,The Holocaust and Human Rights,3
SOC 150N,"Healthy People, Healthy Society",3
SOC 162N,Communicating Care,3
SOC 180N,"State, Society, and Public Policy",3
SOC 201,Presumed Innocent? Social Science of Wrongful Conviction,3
SOC 205N,Critical Race Theory in the Humanities and Social Sciences,3
SOC 208N,Visual Representations of the Middle East in the US and Middle East,3
SOC 209,Poverty in Africa,3
SOC 210Z,Social Determinants of Health,3
SOC 211Z,Health Inequality: Understanding the Geographies of Life and Death,3
SOC 258N,Introduction to Child Maltreatment and Advocacy Studies,3
SOC 290N,Cinema and Globalization,3
SOC 297C,Special Topics - InterDomain,3
SOC 451,"Health, Disease & Society",3
SOCW 195,Introduction to Social Work with Field Hours,3
SOCW 205,"Diversity, Equity, Inclusion, and Justice",3
SOCW 215,"Introduction to Social Welfare History, Policy, Programs, and Services",3
SOCW 290,Human Behavior and the Social Environment,3
SPAN 210N,Multilingual and Intercultural Communication,3
SPAN 315N,Spanish and Spanish-speakers in the U.S.,3
SRA 111,Introduction to Security and Risk Analysis,3
SSED 100N,Foundations of History and Social Studies Concepts for K-8 Teachers,3
STS 151N,Technology and Society in American History,3
STS 200,"Critical Issues in Science, Technology, and Society",3
STS 200S,"Critical Issues in Science, Technology, and Society",3
STS 245Z,"Globalization, Technology, and Ethics",3
SUST 150N,The Science of Sustainable Development,3
SUST 200,Foundations of Leadership in Sustainability,3
SUST 242N,Issues in Sustainability,3
THEA 101N,Performance and Society,3
WFS 209N,Wildlife and Fisheries Conservation,3
WMNST 1,Introduction to Women's Studies,3
WMNST 83N,First-Year Seminar in Women's Studies,3
WMNST 100,Introduction to Women's and Gender Studies,3
WMNST 100U,Introduction to Women's and Gender Studies,3
WMNST 101N,African American Women,3
WMNST 105N,Living in a Diverse World,3
WMNST 110,Sociology of Gender,3
WMNST 116N,Family and Gender Roles in Modern History,3
WMNST 120,"Sex, Gender, and the Body",3
WMNST 136,"Race, Gender, and Employment",3
WMNST 136Y,"Race, Gender, and Employment",3
WMNST 200,Global Feminisms,3
WMNST 200U,Global Feminisms -Honors,3
WMNST 202N,"Women, Gender, and Feminisms in Africa",3
WMNST 205,"Gender, Diversity and the Media",3
WMNST 207N,"LGBTQ+ Identity, Culture and The Arts",3
WMNST 220,Beyond Birth Control: Feminist Perspectives on Women's Sexualities,3
WMNST 297I,Special Topics - InterDomain,3
WMNST 301N,"Sexualities, Gender and Power: Feminist Thought and Politics",3
WMNST 303,Race and Gender in the Americas: Latin American and Caribbean Cultures,3
WMNST 364N,Black & White Sexuality,3
WMNST 400N,Debates in Contemporary Feminism,3
,,
AIR 352,Leading People and Effective Communication II,3
BE 391,Communication Skills for BE and BRS Students,2
BE 392,Leadership Skills for BE and BRS Students,2
BIOL 403,Biological Writing and Communication for Research,3
BMB 491,Undergraduate Research in Cellular Dynamics II: Communicating Scientific Findings,3
BRS 391,Communication Skills for BE and BRS Students,2
BRS 392,Leadership Skills for BE and BRS Students,2
CAS 100,Effective Speech,3
CAS 100A,Effective Speech,3
CAS 100B,Effective Speech,3
CAS 100C,Effective Speech,3
CAS 100S,Effective Speech,3
CAS 137H,Rhetoric and Civic Life I,3
CAS 138T,Rhetoric and Civic Life II,3
EMSC 100S,Earth and Mineral Sciences First-Year Seminar,3
ENGL 15,Rhetoric and Composition,3
ENGL 15A,Rhetoric and Composition,3
ENGL 15E,Rhetoric and Composition Enhanced,3
ENGL 15S,Rhetoric and Composition,3
ENGL 30H,Honors Rhetoric and Composition,3
ENGL 30T,Honors Freshman Composition First-Year Seminar,3
ENGL 137H,Rhetoric and Civic Life I,3
ENGL 138T,Rhetoric and Civic Life II,3
ENGL 202A,Effective Writing: Writing in the Social Sciences,3
ENGL 202B,Effective Writing: Writing in the Humanities,3
ENGL 202C,Effective Writing: Technical Writing,3
ENGL 202D,Effective Writing: Business Writing,3
ENGL 202H,Effective Writing: Honors,3
ESL 15,ESL Composition for American Academic Communication II,3
GEOSC 435,GEOSCHOLARSHIP,3
LA 101,Honors Rhetoric and Civic Life,4
